platform,category,product_name,selling_price,original_price,discount_percentage,rating,rating_count,review_count,seller_name,seller_type,delivery_info,delivery_days,free_delivery,is_sponsored,promotional_badges,promotional_badge_count,scarcity_message,has_scarcity_message,has_coupon,coupon_text,return_policy,has_return_policy,product_url,promotional_intensity,price_rating_mismatch,review_to_rating_ratio,urgency_score,trust_score
Flipkart,electronics,"Ai+ Nova 2 5G (Blue, 128 GB)",12600.0,14999.0,16.0,4.1,5170,387,,Third-party,,3.0,0,0,,0,,0,1,Bank/Coupon Offer Available,7 days replacement,1,https://www.flipkart.com/ai-nova-2-5g-blue-128-gb/p/itm149ae9e602599,1,0.029,0.075,1,4.14
Flipkart,electronics,"Samsung Galaxy F07 (Green, 64 GB)",9300.0,11999.0,22.5,4.2,10294,739,,Third-party,,3.0,0,0,Bestseller,1,,0,1,Bank/Coupon Offer Available,7 days replacement,1,https://www.flipkart.com/samsung-galaxy-f07-green-64-gb/p/itm294cbb65839e6,2,0.036,0.072,1,4.18
Flipkart,electronics,"REDMI A7 Pro 5G (Black, 64 GB)",11750.0,15999.0,9.0,4.0,3789,320,,Third-party,,3.0,0,0,,0,,0,1,Bank/Coupon Offer Available,7 days replacement,1,https://www.flipkart.com/redmi-a7-pro-5g-black-64-gb/p/itm88c66032a6b5e,1,0.018,0.084,1,4.1
Flipkart,electronics,"realme Narzo 80 Lite (Obsidian Black, 64 GB)",9650.0,16999.0,21.0,4.2,3338,177,,Third-party,,3.0,0,0,,0,Only Few Left,1,0,,7 days replacement,1,https://www.flipkart.com/realme-narzo-80-lite-obsidian-black-64-gb/p/itmda40eecbc001f,1,0.034,0.053,3,4.18
Flipkart,electronics,"Ai+ Nova 2 5G (Black, 128 GB)",12600.0,14999.0,16.0,4.1,5170,387,,Third-party,,3.0,0,0,,0,,0,1,Bank/Coupon Offer Available,7 days replacement,1,https://www.flipkart.com/ai-nova-2-5g-black-128-gb/p/itmd97f4dfbfca5c,1,0.029,0.075,1,4.14
Flipkart,electronics,"Samsung Galaxy F06 5G (Lit Violet, 128 GB)",11750.0,13999.0,16.1,4.2,47948,3562,,Third-party,,3.0,0,0,,0,Only Few Left,1,0,,7 days replacement,1,https://www.flipkart.com/samsung-galaxy-f06-5g-lit-violet-128-gb/p/itm140da3412b73b,1,0.026,0.074,3,4.18
Flipkart,electronics,"Ai+ Pulse 2 (Blue, 128 GB)",9300.0,11999.0,22.5,3.7,9275,879,,Third-party,,3.0,0,0,,0,,0,1,Bank/Coupon Offer Available,7 days replacement,1,https://www.flipkart.com/ai-pulse-2-blue-128-gb/p/itmd59202944d081,1,0.058,0.095,1,3.98
Flipkart,electronics,"Samsung Galaxy M06 5G (Blazing Black, 64 GB)",11750.0,14999.0,3.0,4.1,1741,129,,Third-party,,3.0,0,0,,0,Only Few Left,1,0,,7 days replacement,1,https://www.flipkart.com/samsung-galaxy-m06-5g-blazing-black-64-gb/p/itm0c7e356cd6ad6,1,0.005,0.074,3,4.14
Flipkart,electronics,"Ai+ Nova 2 5G (Blue, 128 GB)",11750.0,17499.0,17.0,4.3,6556,352,,Third-party,,3.0,0,0,,0,,0,1,Bank/Coupon Offer Available,7 days replacement,1,https://www.flipkart.com/ai-nova-2-5g-blue-128-gb/p/itmb8204f6c4e198,1,0.024,0.054,1,4.22
Flipkart,electronics,"Samsung M06 5G (Sage Green, 128 GB)",12600.0,16999.0,11.0,4.1,5961,412,,Third-party,,3.0,0,0,,0,Only 1 Left,1,0,,7 days replacement,1,https://www.flipkart.com/samsung-m06-5g-sage-green-128-gb/p/itmcafa42dadc15c,1,0.02,0.069,3,4.14
Flipkart,electronics,"Samsung Galaxy F06 5G (Bahama Blue, 128 GB)",12600.0,16999.0,25.9,4.2,47948,3562,,Third-party,,3.0,0,0,,0,,0,1,Bank/Coupon Offer Available,7 days replacement,1,https://www.flipkart.com/samsung-galaxy-f06-5g-bahama-blue-128-gb/p/itm58189fada62cb,1,0.041,0.074,1,4.18
Flipkart,electronics,"Ai+ Pulse 2 (Black, 128 GB)",9300.0,11999.0,22.5,3.7,9275,879,,Third-party,,3.0,0,0,,0,Only 1 Left,1,0,,7 days replacement,1,https://www.flipkart.com/ai-pulse-2-black-128-gb/p/itm2bd64c011e879,1,0.058,0.095,3,3.98
Flipkart,electronics,"Ai+ Pulse 2 (Black, 128 GB)",8850.0,15499.0,25.0,4.1,11928,829,,Third-party,,3.0,0,0,,0,,0,1,Bank/Coupon Offer Available,7 days replacement,1,https://www.flipkart.com/ai-pulse-2-black-128-gb/p/itm982c299d0417e,1,0.045,0.07,1,4.14
Flipkart,electronics,"Ai+ Nova 2 5G (Purple, 64 GB)",11750.0,13999.0,16.1,4.3,6556,352,,Third-party,,3.0,0,0,,0,,0,1,Bank/Coupon Offer Available,7 days replacement,1,https://www.flipkart.com/ai-nova-2-5g-purple-64-gb/p/itm07c0f38f44c5c,1,0.023,0.054,1,4.22
Flipkart,electronics,"Ai+ Nova 2 5G (Purple, 128 GB)",11750.0,17499.0,17.0,4.3,6556,352,,Third-party,,3.0,0,0,,0,,0,1,Bank/Coupon Offer Available,7 days replacement,1,https://www.flipkart.com/ai-nova-2-5g-purple-128-gb/p/itmc486f9ebd15e3,1,0.024,0.054,1,4.22
Flipkart,electronics,"realme Narzo 80 Lite (Beach Gold, 64 GB)",9700.0,16999.0,21.0,4.2,3338,177,,Third-party,,3.0,0,0,,0,Only Few Left,1,0,,7 days replacement,1,https://www.flipkart.com/realme-narzo-80-lite-beach-gold-64-gb/p/itmda40eecbc001f,1,0.034,0.053,3,4.18
Flipkart,electronics,"Ai+ Pulse 2 (Purple, 128 GB)",8850.0,15499.0,25.0,4.1,11928,829,,Third-party,,3.0,0,0,,0,,0,1,Bank/Coupon Offer Available,7 days replacement,1,https://www.flipkart.com/ai-pulse-2-purple-128-gb/p/itm873a9bcc8fb43,1,0.045,0.07,1,4.14
Flipkart,electronics,"Ai+ Pulse 2 (Purple, 64 GB)",8850.0,10999.0,19.5,4.1,11928,829,,Third-party,,3.0,0,0,,0,,0,1,Bank/Coupon Offer Available,7 days replacement,1,https://www.flipkart.com/ai-pulse-2-purple-64-gb/p/itmdc910ae2ff0c1,1,0.035,0.07,1,4.14
Flipkart,electronics,"Ai+ Nova 2 5G (Blue, 64 GB)",11750.0,13999.0,16.1,4.3,6556,352,,Third-party,,3.0,0,0,,0,,0,1,Bank/Coupon Offer Available,7 days replacement,1,https://www.flipkart.com/ai-nova-2-5g-blue-64-gb/p/itm20a7387042b2c,1,0.023,0.054,1,4.22
Flipkart,electronics,"Ai+ Nova 2 5G (Black, 64 GB)",11750.0,13999.0,16.1,4.3,6556,352,,Third-party,,3.0,0,0,,0,,0,1,Bank/Coupon Offer Available,7 days replacement,1,https://www.flipkart.com/ai-nova-2-5g-black-64-gb/p/itme6e69f9ec9956,1,0.023,0.054,1,4.22
Flipkart,electronics,"vivo T5e (Aero Blue, 64 GB)",11750.0,26999.0,48.0,3.7,89,6,,Third-party,,3.0,0,0,,0,,0,1,Bank/Coupon Offer Available,7 days replacement,1,https://www.flipkart.com/vivo-t5e-aero-blue-64-gb/p/itm180ca0a991a2b,1,0.125,0.067,1,3.88
Flipkart,electronics,"Ai+ Pulse 2 (Blue, 64 GB)",8850.0,10999.0,19.5,4.1,11928,829,,Third-party,,3.0,0,0,,0,,0,0,,7 days replacement,1,https://www.flipkart.com/ai-pulse-2-blue-64-gb/p/itm9168504534079,0,0.035,0.07,0,4.14
Flipkart,electronics,"realme P3x 5G (Midnight Blue, 128 GB)",11750.0,17999.0,22.0,4.3,21556,1173,,Third-party,,3.0,0,0,,0,,0,1,Bank/Coupon Offer Available,7 days replacement,1,https://www.flipkart.com/realme-p3x-5g-midnight-blue-128-gb/p/itmab5a4b09b6ccc,1,0.031,0.054,1,4.22
Flipkart,electronics,"Samsung Galaxy A06 (Black, 64 GB)",12600.0,14999.0,2.0,4.0,897,59,,Third-party,,3.0,0,0,,0,,0,0,,7 days replacement,1,https://www.flipkart.com/samsung-galaxy-a06-black-64-gb/p/itmdba53c91272f1,0,0.004,0.066,0,4.1
Flipkart,electronics,"LAVA Virat V1 5G (Sonar Gold, 64 GB)",9750.0,15999.0,15.0,4.0,704,92,,Third-party,,3.0,0,0,,0,,0,0,,7 days replacement,1,https://www.flipkart.com/lava-virat-v1-5g-sonar-gold-64-gb/p/itm3ccc431ccf8aa,0,0.03,0.131,0,4.1
Flipkart,electronics,"Samsung Galaxy M17 5G (Sapphire Black, 128 GB)",15100.0,18799.0,4.0,4.1,4784,424,,Third-party,,3.0,0,0,,0,,0,1,Bank/Coupon Offer Available,7 days replacement,1,https://www.flipkart.com/samsung-galaxy-m17-5g-sapphire-black-128-gb/p/itmc3b8f7b511eca,1,0.007,0.089,1,4.14
Flipkart,electronics,"Ai+ Pulse 2 (Pink, 64 GB)",8850.0,10999.0,19.5,4.1,11928,829,,Third-party,,3.0,0,0,,0,,0,1,Bank/Coupon Offer Available,7 days replacement,1,https://www.flipkart.com/ai-pulse-2-pink-64-gb/p/itmb3d9ab3459289,1,0.035,0.07,1,4.14
Flipkart,electronics,"Ai+ Pulse 2 (Pink, 128 GB)",8850.0,15499.0,25.0,4.1,11928,829,,Third-party,,3.0,0,0,,0,,0,1,Bank/Coupon Offer Available,7 days replacement,1,https://www.flipkart.com/ai-pulse-2-pink-128-gb/p/itm982c299d0417e,1,0.045,0.07,1,4.14
Flipkart,electronics,"realme 14x 5G (Crystal Black, 128 GB)",12600.0,16999.0,11.0,4.3,12430,678,,Third-party,,3.0,0,0,,0,,0,1,Bank/Coupon Offer Available,7 days replacement,1,https://www.flipkart.com/realme-14x-5g-crystal-black-128-gb/p/itmb45ae2fd70ae9,1,0.015,0.055,1,4.22
Flipkart,electronics,"realme C71 (Obsidian Black, 64 GB)",11750.0,13999.0,16.1,4.2,1584,76,,Third-party,,3.0,0,0,,0,,0,1,Bank/Coupon Offer Available,7 days replacement,1,https://www.flipkart.com/realme-c71-obsidian-black-64-gb/p/itm920c5c8761871,1,0.026,0.048,1,4.18
Flipkart,electronics,"REDMI A7 Pro 5G (Mist Blue, 64 GB)",12600.0,26999.0,46.0,4.0,3743,315,,Third-party,,3.0,0,0,,0,Only Few Left,1,0,,7 days replacement,1,https://www.flipkart.com/redmi-a7-pro-5g-mist-blue-64-gb/p/itm88c66032a6b5e,1,0.092,0.084,3,4.1
Flipkart,electronics,"POCO C85x (Elite Black, 64 GB)",11750.0,20999.0,30.0,4.1,6732,834,,Third-party,,3.0,0,0,,0,Only Few Left,1,0,,7 days replacement,1,https://www.flipkart.com/poco-c85x-elite-black-64-gb/p/itm0f0a9684d1e33,1,0.054,0.124,3,4.14
Flipkart,electronics,Vivo T4 Lite 5G (Prism Blue 2026) ( 4GB 64GB),12600.0,27999.0,39.0,4.3,43508,1964,,Third-party,,3.0,0,0,,0,,0,1,Bank/Coupon Offer Available,7 days replacement,1,https://www.flipkart.com/vivo-t4-lite-5g-prism-blue-2026-4gb-64gb/p/itm49fb53d099f3c,1,0.055,0.045,1,4.22
Flipkart,electronics,"LAVA Virat V1 5G (Arya Blue, 128 GB)",11750.0,17499.0,17.0,4.0,704,92,,Third-party,,3.0,0,0,,0,,0,1,Bank/Coupon Offer Available,7 days replacement,1,https://www.flipkart.com/lava-virat-v1-5g-arya-blue-128-gb/p/itm11c9a497c9644,1,0.034,0.131,1,4.1
Flipkart,electronics,"Ai+ Pulse 2 (Blue, 128 GB)",8850.0,15499.0,25.0,4.1,11928,829,,Third-party,,3.0,0,0,,0,,0,1,Bank/Coupon Offer Available,7 days replacement,1,https://www.flipkart.com/ai-pulse-2-blue-128-gb/p/itm982c299d0417e,1,0.045,0.07,1,4.14
Flipkart,electronics,"Samsung Galaxy F16 5G (Vibing Blue, 128 GB)",11750.0,17499.0,20.0,4.2,10434,813,,Third-party,,3.0,0,0,,0,,0,1,Bank/Coupon Offer Available,7 days replacement,1,https://www.flipkart.com/samsung-galaxy-f16-5g-vibing-blue-128-gb/p/itmc59882b14985a,1,0.032,0.078,1,4.18
Flipkart,electronics,"Ai+ Pulse 2 (Green, 128 GB)",8850.0,15499.0,25.0,4.1,11928,829,,Third-party,,3.0,0,0,,0,,0,1,Bank/Coupon Offer Available,7 days replacement,1,https://www.flipkart.com/ai-pulse-2-green-128-gb/p/itm982c299d0417e,1,0.045,0.07,1,4.14
Flipkart,electronics,"Ai+ Pulse 2 (Purple, 128 GB)",9300.0,11999.0,22.5,3.7,9213,874,,Third-party,,3.0,0,0,,0,Only Few Left,1,0,,7 days replacement,1,https://www.flipkart.com/ai-pulse-2-purple-128-gb/p/itme2f16e3250c0c,1,0.058,0.095,3,3.98
Flipkart,electronics,"Ai+ Pulse 2 (Green, 64 GB)",8850.0,10999.0,19.5,4.1,11928,829,,Third-party,,3.0,0,0,,0,,0,1,Bank/Coupon Offer Available,7 days replacement,1,https://www.flipkart.com/ai-pulse-2-green-64-gb/p/itm8475838cc2064,1,0.035,0.07,1,4.14
Flipkart,electronics,"Ai+ Nova 2 Neo 5G (Blue, 64 GB)",12600.0,17999.0,16.0,4.4,2067,181,,Third-party,,3.0,0,0,,0,,0,1,Bank/Coupon Offer Available,7 days replacement,1,https://www.flipkart.com/ai-nova-2-neo-5g-blue-64-gb/p/itm9cecebc4cb5bb,1,0.019,0.088,1,4.26
Flipkart,electronics,"MOTOROLA g57 power 5G Snapdragon (Pantone Regatta, 128 GB)",18250.0,21999.0,17.0,4.4,56073,4034,,Third-party,,3.0,0,0,,0,,0,1,Bank/Coupon Offer Available,7 days replacement,1,https://www.flipkart.com/motorola-g57-power-5g-snapdragon-pantone-regatta-128-gb/p/itmdab5f9f1bf87b,1,0.02,0.072,1,4.26
Flipkart,electronics,"realme Narzo 80 Lite (See Blue, 64 GB)",11750.0,16999.0,18.0,4.2,3338,177,,Third-party,,3.0,0,0,,0,Only Few Left,1,0,,7 days replacement,1,https://www.flipkart.com/realme-narzo-80-lite-see-blue-64-gb/p/itmb8ad4180e2d80,1,0.029,0.053,3,4.18
Flipkart,electronics,"POCO C85x (Emerald Green, 64 GB)",11750.0,20999.0,30.0,4.1,6732,834,,Third-party,,3.0,0,0,,0,,0,1,Bank/Coupon Offer Available,7 days replacement,1,https://www.flipkart.com/poco-c85x-emerald-green-64-gb/p/itm96bce2b7909b7,1,0.054,0.124,1,4.14
Flipkart,electronics,"POCO M7 5G (Ocean Blue, 128 GB)",9750.0,13999.0,3.0,4.3,19018,1068,,Third-party,,3.0,0,0,,0,Only Few Left,1,0,,7 days replacement,1,https://www.flipkart.com/poco-m7-5g-ocean-blue-128-gb/p/itm7c4a352930fde,1,0.004,0.056,3,4.22
Flipkart,fashion,Flipkart Product,461.0,2499.0,81.0,4.0,443,88,,Third-party,,3.0,0,0,,0,,0,0,,7 days replacement,1,https://www.flipkart.com/baklava-lightweight-comfortable-trendy-walking-outdoor-slip-chelsea-boots-men/p/itm9497e9027acb3,0,0.162,0.199,2,4.1
Flipkart,fashion,Flipkart Product,2015.0,4799.0,58.0,4.0,203,40,,Third-party,,3.0,0,0,Hot Deal,1,,0,0,,7 days replacement,1,https://www.flipkart.com/puma-zarsun-sneakers-men/p/itm762772eb0ccb9,1,0.116,0.197,0,5.1
Flipkart,fashion,Flipkart Product,273.0,999.0,72.0,4.0,167,33,,Third-party,,3.0,0,0,Hot Deal,1,,0,0,,7 days replacement,1,https://www.flipkart.com/hotstyle-trendy-stylish-loafers-men/p/itme5c8648cc74c4,1,0.144,0.198,2,4.1
Flipkart,fashion,Flipkart Product,951.0,2499.0,61.0,4.0,289,57,,Third-party,,3.0,0,0,,0,Only 3 Left,1,0,,7 days replacement,1,https://www.flipkart.com/mikaasa-military-joggers-running-leather-shoes-casuals-men/p/itm00d28ac0b5c8a,1,0.122,0.197,5,5.1
Flipkart,fashion,Flipkart Product,498.0,2999.0,83.0,4.0,226,45,,Third-party,,3.0,0,0,Hot Deal,1,,0,0,,7 days replacement,1,https://www.flipkart.com/amico-synthetic-leather-lightweight-comfortable-trendy-walking-outdoor-slip-chelsea-boots-men/p/itm8dcc05cce138e,1,0.166,0.199,2,4.1
Flipkart,fashion,Flipkart Product,2389.0,5999.0,60.0,4.0,327,65,,Third-party,,3.0,0,0,,0,,0,0,,7 days replacement,1,https://www.flipkart.com/puma-9-t-sneakers-men/p/itm71907c09ea454,0,0.12,0.199,0,5.1
Flipkart,fashion,Flipkart Product,473.0,1999.0,76.0,4.0,243,48,,Third-party,,3.0,0,0,,0,,0,0,,7 days replacement,1,https://www.flipkart.com/echor-casual-white-sneakers-men/p/itmda763be74b8e8,0,0.152,0.198,2,4.1
Flipkart,fashion,STRANGER BROTHERS,416.0,999.0,58.0,4.0,71,14,,Third-party,,3.0,0,0,,0,Only Few Left,1,0,,7 days replacement,1,https://www.flipkart.com/stranger-brothers-sneakers-men-casual-shoes-white-trendy/p/itma3e460a703ae6,1,0.116,0.197,3,4.955
Flipkart,fashion,Flipkart Product,999.0,2999.0,66.0,4.0,327,65,,Third-party,,3.0,0,0,,0,Only Few Left,1,0,,7 days replacement,1,https://www.flipkart.com/roadster-casual-boat-shoes-men/p/itm36212af378d76,1,0.132,0.199,5,5.1
Flipkart,fashion,Flipkart Product,579.0,2999.0,80.0,4.0,237,47,,Third-party,,3.0,0,0,Hot Deal,1,,0,0,,7 days replacement,1,https://www.flipkart.com/ezbro-premium-casual-trendy-latest-with-laces-daily-wear-party-wear-office-wear-corporate-casuals-men/p/itm5ef0498aedbe4,1,0.16,0.198,2,4.1
Flipkart,fashion,Flipkart Product,536.0,1299.0,58.0,4.0,163,32,,Third-party,,3.0,0,0,,0,,0,0,,7 days replacement,1,https://www.flipkart.com/jetfighter-men-s-jutti-loafers-shoes-men/p/itm811aeead33d80,0,0.116,0.196,0,5.1
Flipkart,fashion,Flipkart Product,338.0,999.0,66.0,4.0,117,23,,Third-party,,3.0,0,0,Trending,1,,0,0,,7 days replacement,1,https://www.flipkart.com/urbanbox-latest-trending-casual-running-walking-sneaker-sneakers-men/p/itm36724051a7cc4,1,0.132,0.197,2,5.054
Flipkart,fashion,Flipkart Product,500.0,1499.0,66.0,4.0,272,54,,Third-party,,3.0,0,0,,0,,0,0,,7 days replacement,1,https://www.flipkart.com/oidoribo-outdoor-climber-stylish-lace-up-outdoors-men/p/itmef5adca295caf,0,0.132,0.199,2,5.1
Flipkart,fashion,Flipkart Product,362.0,999.0,63.0,4.0,463,92,,Third-party,,3.0,0,0,Hot Deal,1,,0,0,,7 days replacement,1,https://www.flipkart.com/reefox-stylish-green-casual-sneakers-men/p/itm18e93657181be,1,0.126,0.199,2,5.1
Flipkart,fashion,Flipkart Product,1759.0,2199.0,20.0,4.0,456,91,,Third-party,,3.0,0,0,,0,,0,0,,7 days replacement,1,https://www.flipkart.com/liberty-warrior-original-jungle-boot-men-light-weight-trekking-shoes-boots/p/itm0081db6493a77,0,0.04,0.2,0,5.1
Flipkart,fashion,Lowest price since launch,442.0,2499.0,82.0,4.0,483,96,,Third-party,,3.0,0,0,Lowest Price,1,,0,0,,7 days replacement,1,https://www.flipkart.com/veximo-sneakers-men/p/itmf4edc196b8bc5,1,0.164,0.199,2,4.1
Flipkart,fashion,Flipkart Product,858.0,999.0,14.0,4.0,412,82,,Third-party,,3.0,0,0,,0,Only Few Left,1,0,,7 days replacement,1,https://www.flipkart.com/asian-cosko-sports-shoes-men-latest-stylish-casual-sport-running-boys-lace-up-waterproof-blue-running-walking-gym-trekking-hiking-party-casuals/p/itmfef3c697403c3,1,0.028,0.199,3,5.1
Flipkart,fashion,Flipkart Product,944.0,1699.0,44.0,4.0,296,59,,Third-party,,3.0,0,0,,0,,0,0,,7 days replacement,1,https://www.flipkart.com/asian-casual-sneakers-shoes-men-mexico-11/p/itm27d9870cb12bf,0,0.088,0.199,0,5.1
Flipkart,fashion,Flipkart Product,869.0,1899.0,54.0,4.0,102,20,,Third-party,,3.0,0,0,,0,,0,0,,7 days replacement,1,https://www.flipkart.com/action-dotcom-drive-102-microfiber-classic-comfortable-retro-durable-casual-slip-on-loafers-men/p/itm9093347a0e2b0,0,0.108,0.196,0,5.027
Flipkart,fashion,Flipkart Product,1685.0,4799.0,64.0,4.0,153,30,,Third-party,,3.0,0,0,Hot Deal,1,,0,0,,7 days replacement,1,https://www.flipkart.com/puma-zarsun-sneakers-men/p/itm5f212d8caa3fa,1,0.128,0.196,2,5.1
Flipkart,fashion,Flipkart Product,420.0,1999.0,78.0,4.0,429,85,,Third-party,,3.0,0,0,Hot Deal,1,,0,0,,7 days replacement,1,https://www.flipkart.com/echor-casual-white-sneakers-men/p/itm0fa975f4d5cd5,1,0.156,0.198,2,4.1
Flipkart,fashion,Flipkart Product,829.0,1699.0,51.0,4.0,216,43,,Third-party,,3.0,0,0,,0,,0,0,,7 days replacement,1,https://www.flipkart.com/action-dotcom-drive-43-trendy-comfortable-durable-casual-slip-on-loafers-men/p/itme6de6bf097841,0,0.102,0.199,0,5.1
Flipkart,fashion,Flipkart Product,2119.0,4999.0,57.0,4.0,420,84,,Third-party,,3.0,0,0,,0,,0,0,,7 days replacement,1,https://www.flipkart.com/puma-turino-ii-og-sneakers-men/p/itmed855757e706e,0,0.114,0.2,0,5.1
Flipkart,fashion,Flipkart Product,645.0,1499.0,56.0,4.0,243,48,,Third-party,,3.0,0,0,Hot Deal,1,,0,0,,7 days replacement,1,https://www.flipkart.com/asian-mens-tango-01-sneakers-stylish-lightweight-shoes-high-grip-sole-men/p/itm400c8fac4bce6,1,0.112,0.198,0,5.1
Flipkart,fashion,Lowest price since launch,532.0,1999.0,73.0,4.0,378,75,,Third-party,,3.0,0,0,Lowest Price,1,,0,0,,7 days replacement,1,https://www.flipkart.com/beltrix-casual-sneakers-casuals-men/p/itm9c54265ecdf6d,1,0.146,0.198,2,4.1
Flipkart,fashion,Flipkart Product,2598.0,6499.0,60.0,4.0,100,20,,Third-party,,3.0,0,0,Hot Deal,1,,0,0,,7 days replacement,1,https://www.flipkart.com/puma-r78-wind-mu-sneakers-men/p/itmbe987323ca1ad,1,0.12,0.2,0,5.023
Flipkart,fashion,Flipkart Product,460.0,2499.0,81.0,4.0,256,51,,Third-party,,3.0,0,0,,0,Only Few Left,1,0,,7 days replacement,1,https://www.flipkart.com/nxtkick-new-fashion-outdoor-trendy-lightweight-casual-sneakers-men/p/itm5dfe75b82c7af,1,0.162,0.199,5,4.1
Flipkart,fashion,Flipkart Product,476.0,2400.0,80.0,4.0,474,94,,Third-party,,3.0,0,0,,0,,0,0,,7 days replacement,1,https://www.flipkart.com/pocy-shoes-casual-sneakers-men/p/itm0d06b069a3233,0,0.16,0.198,2,4.1
Flipkart,fashion,Flipkart Product,3069.0,6999.0,56.0,4.0,129,25,,Third-party,,3.0,0,0,,0,,0,0,,7 days replacement,1,https://www.flipkart.com/puma-r78-retro-run-res-sneakers-men/p/itm142529c147baa,0,0.112,0.194,0,5.074
Flipkart,fashion,Flipkart Product,2111.0,4799.0,56.0,4.0,109,21,,Third-party,,3.0,0,0,Hot Deal,1,,0,0,,7 days replacement,1,https://www.flipkart.com/puma-terranova-sneakers-men/p/itm9b4ee96409fa6,1,0.112,0.193,0,5.04
Flipkart,fashion,Flipkart Product,732.0,999.0,26.0,4.0,56,11,,Third-party,,3.0,0,0,Hot Deal,1,,0,0,,7 days replacement,1,https://www.flipkart.com/hockwood-street-smart-casuals-men/p/itmff25eegp8gt2v,1,0.052,0.196,0,4.909
Flipkart,fashion,Flipkart Product,475.0,1499.0,68.0,4.0,436,87,,Third-party,,3.0,0,0,,0,Only Few Left,1,0,,7 days replacement,1,https://www.flipkart.com/denmy-trend-fashion-sneaker-men/p/itm8b273a349dd7f,1,0.136,0.2,5,5.1
Flipkart,fashion,Flipkart Product,449.0,699.0,35.0,4.0,416,83,,Third-party,,3.0,0,0,,0,,0,0,,7 days replacement,1,https://www.flipkart.com/action-outdoors-men/p/itm814d20bd96317,0,0.07,0.2,0,5.1
Flipkart,fashion,Flipkart Product,993.0,1699.0,41.0,4.0,331,66,,Third-party,,3.0,0,0,,0,Only Few Left,1,0,,7 days replacement,1,https://www.flipkart.com/asian-casual-sneakers-shoes-men-mexico-11/p/itm69da11ace0369,1,0.082,0.199,3,5.1
Flipkart,fashion,Flipkart Product,433.0,1999.0,78.0,4.0,442,88,,Third-party,,3.0,0,0,,0,Only Few Left,1,0,,7 days replacement,1,https://www.flipkart.com/echor-white-shoes-men-s-sneakers-men/p/itmf4d5aedddd28c,1,0.156,0.199,5,4.1
Flipkart,fashion,Flipkart Product,455.0,1499.0,69.0,4.0,205,41,,Third-party,,3.0,0,0,,0,Only Few Left,1,0,,7 days replacement,1,https://www.flipkart.com/lejano-sneakers-men/p/itmf4edc196b8bc5,1,0.138,0.2,5,5.1
Flipkart,fashion,Flipkart Product,691.0,1299.0,46.0,4.0,117,23,,Third-party,,3.0,0,0,Hot Deal,1,,0,0,,7 days replacement,1,https://www.flipkart.com/city-soles-white-sneakers-men/p/itmfgb2ncxmc8jeg,1,0.092,0.197,0,5.054
Flipkart,fashion,Flipkart Product,670.0,999.0,32.0,4.0,74,14,,Third-party,,3.0,0,0,,0,,0,0,,7 days replacement,1,https://www.flipkart.com/hockwood-sneakers-canvas-shoes-men/p/itmffryemuhtmfq8,0,0.064,0.189,0,4.963
Flipkart,fashion,Flipkart Product,428.0,2399.0,82.0,4.0,399,79,,Third-party,,3.0,0,0,,0,Only Few Left,1,0,,7 days replacement,1,https://www.flipkart.com/stride-up-trendy-comfortable-durable-casual-slip-on-loafers-men/p/itmd5320fe90e95b,1,0.164,0.198,5,4.1
Flipkart,fashion,Flipkart Product,1364.0,2199.0,37.0,4.0,101,20,,Third-party,,3.0,0,0,Hot Deal,1,,0,0,,7 days replacement,1,https://www.flipkart.com/campus-camp-clint-sneakers-men/p/itm75378b4c619a2,1,0.074,0.198,0,5.025
Flipkart,fashion,Flipkart Product,1056.0,3295.0,67.0,4.0,259,51,,Third-party,,3.0,0,0,Hot Deal,1,,0,0,,7 days replacement,1,https://www.flipkart.com/atom-spring-edge-alpha-2-stylish-comfortable-breathable-daily-wear-lace-up-sneakers-men/p/itm74ce4c7c2d4b9,1,0.134,0.197,2,5.1
Flipkart,fashion,Flipkart Product,495.0,1999.0,75.0,4.0,188,37,,Third-party,,3.0,0,0,Hot Deal,1,,0,0,,7 days replacement,1,https://www.flipkart.com/aadi-synthetic-leather-lightweight-comfortable-trendy-walking-outdoor-slip-chelsea-boots-men/p/itm1836cb78bb7cb,1,0.15,0.197,2,4.1
Flipkart,fashion,Flipkart Product,1082.0,1999.0,45.0,4.0,341,68,,Third-party,,3.0,0,0,,0,Only Few Left,1,0,,7 days replacement,1,https://www.flipkart.com/asian-wind-pro-11-walking-shoes-men-lightweight-memory-foam-cushion-sole-mocassin/p/itm7d22e8db44ca2,1,0.09,0.199,3,5.1
Flipkart,fashion,Flipkart Product,1312.0,2099.0,37.0,4.0,97,19,,Third-party,,3.0,0,0,,0,Only Few Left,1,0,,7 days replacement,1,https://www.flipkart.com/asian-everest-01-black-sports-gym-training-walking-stylish-outdoors-men/p/itm877e6cc7c14f3,1,0.074,0.196,3,5.017
Flipkart,fashion,Bestseller,1120.0,5899.0,81.0,4.0,169,33,,Third-party,,3.0,0,0,Bestseller; Hot Deal,2,,0,0,,7 days replacement,1,https://www.flipkart.com/red-tape-lifestyle-sneakers-men-classic-everyday-comfort/p/itmccb66a2458a28,2,0.162,0.195,2,4.1
Flipkart,fashion,Flipkart Product,408.0,1999.0,79.0,4.0,91,18,,Third-party,,3.0,0,0,Hot Deal,1,,0,0,,7 days replacement,1,https://www.flipkart.com/aadi-sneakers-men/p/itmfbbd674083772,1,0.158,0.198,2,4.004
Flipkart,fashion,Flipkart Product,300.0,1299.0,76.0,4.0,237,47,,Third-party,,3.0,0,0,Hot Deal,1,,0,0,,7 days replacement,1,https://www.flipkart.com/bruton-modern-trendy-sneakers-shoes-men/p/itmf2e3878bc1109,1,0.152,0.198,2,4.1
Flipkart,fashion,Flipkart Product,2019.0,4999.0,59.0,4.0,409,81,,Third-party,,3.0,0,0,Hot Deal,1,,0,0,,7 days replacement,1,https://www.flipkart.com/puma-court-gamer-sneakers-men/p/itmb52343ce64158,1,0.118,0.198,0,5.1
Flipkart,fashion,Flipkart Product,447.0,1249.0,64.0,4.0,414,82,,Third-party,,3.0,0,0,Hot Deal,1,,0,0,,7 days replacement,1,https://www.flipkart.com/hotstyle-combo-pack-2-loafers-men/p/itmb2b57574c5e05,1,0.128,0.198,2,5.1
Flipkart,fashion,Flipkart Product,693.0,999.0,30.0,4.0,473,94,,Third-party,,3.0,0,0,Hot Deal,1,,0,0,,7 days replacement,1,https://www.flipkart.com/hockwood-street-smart-casuals-men/p/itm6b8d215859444,1,0.06,0.199,0,5.1
Flipkart,fashion,Flipkart Product,899.0,1499.0,40.0,4.0,100,20,,Third-party,,3.0,0,0,,0,,0,0,,7 days replacement,1,https://www.flipkart.com/asian-moscow-01-white-sneakers-loafers-chunky-shoes-sneakers-men/p/itm0c2c364bdfda6,0,0.08,0.2,0,5.023
Flipkart,audio,"boAt Nirvana Eutopia 2 ANC,3D Spatial Audio,45dB Hybrid ANC,80H Battery,BTv5.4,AI-ENx Bluetooth",5999.0,9990.0,39.0,4.5,465,93,,Third-party,,3.0,0,0,,0,,0,0,,7 days replacement,1,https://www.flipkart.com/boat-nirvana-eutopia-2-anc-3d-spatial-audio-45db-hybrid-anc-80h-battery-btv5-4-ai-enx-bluetooth/p/itm1d3fd9e97699d,0,0.039,0.2,0,5.3
Flipkart,audio,Mobilla MBUDDY 161 Neckband Bluetooth,658.0,999.0,34.0,3.9,50,10,,Third-party,,3.0,0,0,,0,,0,1,Bank/Coupon Offer Available,7 days replacement,1,https://www.flipkart.com/mobilla-mbuddy-161-neckband-bluetooth/p/itm170e41464830d,1,0.075,0.2,1,4.846
Flipkart,audio,Trending,422.0,1999.0,78.0,4.0,490,98,,Third-party,,3.0,0,0,Trending,1,,0,1,Bank/Coupon Offer Available,7 days replacement,1,https://www.flipkart.com/gwalbros-trending-buds-r2-pro-true-wireless-earbuds-mic-12-4mm-drivers-w-f03-bluetooth/p/itma43afbb2a7c58,2,0.156,0.2,3,4.1
Flipkart,audio,"NITRAMAX Bluetooth Neckband Earphones, Blue, 20 Hour Playtime,Bluetooth 5.4 V Bluetooth",245.0,998.0,75.0,3.7,283,56,,Third-party,,3.0,0,0,,0,,0,1,Bank/Coupon Offer Available,7 days replacement,1,https://www.flipkart.com/nitramax-bluetooth-neckband-earphones-blue-20-hour-playtime-bluetooth-5-4-v/p/itm86321d42a1c20,1,0.195,0.198,3,3.98
Flipkart,audio,Aroma NB121 Pods Upto 40 Hours Playtime* Type C Fast Charging Dual Pairing Earbuds Bluetooth,300.0,1299.0,76.0,3.5,209,41,,Third-party,,3.0,0,0,,0,,0,1,Bank/Coupon Offer Available,7 days replacement,1,https://www.flipkart.com/aroma-nb121-pods-upto-40-hours-playtime-type-c-fast-charging-dual-pairing-earbuds-bluetooth/p/itm911b47c91c5dd,1,0.228,0.196,3,3.9
Flipkart,audio,Rd one step ahed Z-2 Bluetooth,849.0,899.0,5.0,4.0,173,34,,Third-party,,3.0,0,0,,0,,0,1,Bank/Coupon Offer Available,7 days replacement,1,https://www.flipkart.com/rd-one-step-ahed-z-2-bluetooth/p/itmdc13d32f65c5a,1,0.01,0.197,1,5.1
Flipkart,audio,Amoonk On_ Plus Buds Pro 3 Bluetooth TWS in-Ear Buds – Dual Drivers Dual R9 Bluetooth,625.0,2790.0,77.0,4.0,176,35,,Marketplace Fulfilled,,3.0,0,0,,0,Only Few Left,1,0,,7 days replacement,1,https://www.flipkart.com/amoonk-on-plus-buds-pro-3-bluetooth-tws-in-ear-dual-drivers-r9/p/itmfe111f7a3b66c,1,0.154,0.199,5,4.1
Flipkart,audio,ROBOLT BS ultrapood Bluetooth,270.0,999.0,72.0,3.3,471,94,,Third-party,,3.0,0,0,,0,Only Few Left,1,0,,7 days replacement,1,https://www.flipkart.com/robolt-bs-ultrapood-bluetooth/p/itmce304a50e766e,1,0.245,0.2,5,3.82
Flipkart,audio,"Aroma NB120 Amaze Upto 50 Hours Playtime*, Fast Charging, Dual Pairing Neckband Bluetooth",300.0,2499.0,87.0,3.7,304,60,,Third-party,,3.0,0,0,,0,,0,1,Bank/Coupon Offer Available,7 days replacement,1,https://www.flipkart.com/aroma-nb120-amaze-upto-50-hours-playtime-fast-charging-dual-pairing-neckband-bluetooth/p/itmcaffc9be2871e,1,0.226,0.197,3,3.98
Flipkart,audio,DSSB Earbuds With Premium Quality Sound Bluetooth,289.0,1999.0,85.0,3.6,316,63,,Third-party,,3.0,0,0,,0,,0,1,Bank/Coupon Offer Available,7 days replacement,1,https://www.flipkart.com/dssb-earbuds-premium-quality-sound-bluetooth/p/itme75db2cb94c11,1,0.238,0.199,3,3.94
Flipkart,audio,NEXX ARHAM true wireless bluetooth earbuds with 10h playtime with super sonic sound quality Bluetooth,295.0,1999.0,85.0,3.4,237,47,,Third-party,,3.0,0,0,,0,,0,1,Bank/Coupon Offer Available,7 days replacement,1,https://www.flipkart.com/nexx-arham-true-wireless-bluetooth-earbuds-10h-playtime-super-sonic-sound-quality/p/itmb2ad1b420785b,1,0.272,0.198,3,3.86
Flipkart,audio,NEXX ARHAM TWS BLUETOOTH HEADSET WIRELESS TWINS WITH GOOD BACKUP AND GOOD SOUND QUALITY Bluetooth,295.0,1699.0,82.0,3.5,56,11,,Third-party,,3.0,0,0,,0,,0,1,Bank/Coupon Offer Available,7 days replacement,1,https://www.flipkart.com/nexx-arham-tws-bluetooth-headset-wireless-twins-good-backup-sound-quality/p/itmb28d7c4dfaeac,1,0.246,0.196,3,3.709
Flipkart,audio,Amoonk On_ Plux Buds Pro 3 Bluetooth wireless TWS Earbuds R40 Bluetooth,625.0,2790.0,77.0,4.0,138,27,,Third-party,,3.0,0,0,,0,Only Few Left,1,0,,7 days replacement,1,https://www.flipkart.com/amoonk-on-plux-buds-pro-3-bluetooth-wireless-tws-earbuds-r40/p/itm8c8ff18b44b0e,1,0.154,0.196,5,4.087
Flipkart,audio,BULLSTORM BS ultrapood Bluetooth Gaming,283.0,2499.0,88.0,3.4,79,15,,Third-party,,3.0,0,0,,0,,0,1,Bank/Coupon Offer Available,7 days replacement,1,https://www.flipkart.com/bullstorm-bs-ultrapood-bluetooth-gaming/p/itm58a679ce7e4ca,1,0.282,0.19,3,3.736
Flipkart,audio,"Highnotes ALT Buds(S), 45Hrs Playtime, Quad mic ENC Bluetooth",394.0,1999.0,80.0,4.0,280,56,,Third-party,,3.0,0,0,,0,Only Few Left,1,0,,7 days replacement,1,https://www.flipkart.com/highnotes-alt-buds-s-45hrs-playtime-quad-mic-enc-bluetooth/p/itm9a3225db09552,1,0.16,0.2,5,4.1
Flipkart,audio,ASA Smart_@Headphone@_1045 Bluetooth without Mic,550.0,1599.0,65.0,4.0,199,39,,Third-party,,3.0,0,0,,0,Only Few Left,1,0,,7 days replacement,1,https://www.flipkart.com/asa-smart-headphone-1045-bluetooth-without-mic/p/itm19073e5a60262,1,0.13,0.196,5,5.1
Flipkart,audio,Walta Elite BULLET-Z5 Bluetooth,569.0,1099.0,48.0,4.0,483,96,,Third-party,,3.0,0,0,,0,,0,1,Bank/Coupon Offer Available,7 days replacement,1,https://www.flipkart.com/walta-elite-bullet-z5-bluetooth/p/itm5d5c24697f64f,1,0.096,0.199,1,5.1
Flipkart,audio,Moss ECHO WHISPER Bluetooth,1799.0,6599.0,72.0,4.0,430,86,,Third-party,,3.0,0,0,,0,,0,1,Bank/Coupon Offer Available,7 days replacement,1,https://www.flipkart.com/moss-echo-whisper-bluetooth/p/itmb09b48ec035c1,1,0.144,0.2,3,4.1
Flipkart,audio,"Loyal Edge White AirPods ANC,Lightweight, 30-Hour Playback, Anc-245 Bluetooth",264.0,1240.0,78.0,4.0,309,61,,Third-party,,3.0,0,0,,0,,0,0,,7 days replacement,1,https://www.flipkart.com/loyal-edge-white-airpods-anc-lightweight-30-hour-playback-anc-245-bluetooth/p/itmf6c3d2ae49e34,0,0.156,0.197,2,4.1
Flipkart,audio,"Caidea CNB100 Hiphop Upto 100 Hrs* Music,ENC,Magnetic On/Off,Voice Changer Neckband Bluetooth",300.0,2999.0,89.0,4.0,464,92,,Third-party,,3.0,0,0,,0,,0,1,Bank/Coupon Offer Available,7 days replacement,1,https://www.flipkart.com/caidea-cnb100-hiphop-upto-100-hrs-music-enc-magnetic-on-off-voice-changer-neckband-bluetooth/p/itm20ab3b7d10cf4,1,0.178,0.198,3,4.1
Flipkart,audio,"EARBUDDY SnapX Buds With Touch Sensor, Waterproof, ANC, Bluetooth V5.1 Bluetooth",283.0,1599.0,82.0,3.7,469,93,,Third-party,,3.0,0,0,,0,Only Few Left,1,0,,7 days replacement,1,https://www.flipkart.com/earbuddy-snapx-buds-touch-sensor-waterproof-anc-bluetooth-v5-1/p/itm26b6e5e0f5487,1,0.213,0.198,5,3.98
Flipkart,audio,"TOWST FT New Pro White TWS Bluetooth, Earbuds under 300 True Wireless Headphone FT Bluetooth",289.0,2250.0,87.0,3.2,286,57,,Third-party,,3.0,0,0,,0,Only 1 Left,1,0,,7 days replacement,1,https://www.flipkart.com/towst-ft-new-pro-white-tws-bluetooth-earbuds-under-300-true-wireless-headphone-bluetooth/p/itmcbadc8dd63973,1,0.313,0.199,5,3.78
Flipkart,audio,Amoonk On_ Plus Buds Pro 3 Bluetooth TWS in-Ear Buds – Dual Drivers Dual R44 Bluetooth Gaming,625.0,2790.0,77.0,4.0,159,31,,Marketplace Fulfilled,,3.0,0,0,,0,Only Few Left,1,0,,7 days replacement,1,https://www.flipkart.com/amoonk-on-plus-buds-pro-3-bluetooth-tws-in-ear-dual-drivers-r44-gaming/p/itma0dad70956866,1,0.154,0.195,5,4.1
Flipkart,audio,"Aroma NB121 Pro Pods2 Upto 40 H Playtime*, ENC with3D Spatial Audio, Dual Pairing Bluetooth",300.0,1499.0,79.0,3.7,313,62,,Third-party,,3.0,0,0,,0,,0,0,,7 days replacement,1,https://www.flipkart.com/aroma-nb121-pro-pods2-upto-40-h-playtime-enc-with3d-spatial-audio-dual-pairing-bluetooth/p/itm07f71fd662016,0,0.205,0.198,2,3.98
Flipkart,audio,Moss ECHO ENDURA Bluetooth,1498.0,7999.0,81.0,4.0,377,75,,Third-party,,3.0,0,0,,0,,0,1,Bank/Coupon Offer Available,7 days replacement,1,https://www.flipkart.com/moss-echo-endura-bluetooth/p/itm655b3ca6a98de,1,0.162,0.199,3,4.1
Flipkart,audio,"Mivi Duopods I7, 55Hrs PT, HD Call, Fast Charging, 3D Sound, AAC Audio Quality, 5.3v Bluetooth",650.0,4999.0,70.0,4.0,431,86,,Third-party,,3.0,0,0,,0,,0,0,,7 days replacement,1,https://www.flipkart.com/mivi-duopods-i7-55hrs-pt-hd-call-fast-charging-3d-sound-aac-audio-quality-5-3v-bluetooth/p/itm9fb21c7981d69,0,0.14,0.2,2,5.1
Flipkart,audio,"Aroma NB120 Amaze Upto 50 Hours* Playtime, Fast Charging, Dual Pairing Neckband Bluetooth",300.0,2499.0,87.0,3.7,195,39,,Third-party,,3.0,0,0,,0,,0,0,,7 days replacement,1,https://www.flipkart.com/aroma-nb120-amaze-upto-50-hours-playtime-fast-charging-dual-pairing-neckband-bluetooth/p/itm81e7542a4f1b2,0,0.226,0.2,2,3.98
Flipkart,audio,Amoonk On_ Plux Buds Pro 3 Bluetooth wireless TWS Earbuds R35 Bluetooth,621.0,2790.0,77.0,4.0,277,55,,Third-party,,3.0,0,0,,0,Only Few Left,1,0,,7 days replacement,1,https://www.flipkart.com/amoonk-on-plux-buds-pro-3-bluetooth-wireless-tws-earbuds-r35/p/itm60cabc96efa2f,1,0.154,0.199,5,4.1
Flipkart,audio,youth gallery WIRELESS TWS AIRPOD WHITE Earbud Bluetooth ANC-3 Bluetooth Earbuds 5df Bluetooth,300.0,1999.0,84.0,3.7,233,46,,Third-party,,3.0,0,0,,0,Only Few Left,1,0,,7 days replacement,1,https://www.flipkart.com/youth-gallery-wireless-tws-airpod-white-earbud-bluetooth-anc-3-earbuds-5df/p/itmcaaf08b761857,1,0.218,0.197,5,3.98
Flipkart,audio,"VARNIADRF Wireless Earbud Bluetooth, True Wireless Headphone Bluetooth, earbuds under 300 Bluetooth",278.0,1999.0,86.0,3.5,481,96,,Third-party,,3.0,0,0,,0,Only Few Left,1,0,,7 days replacement,1,https://www.flipkart.com/varniadrf-wireless-earbud-bluetooth-true-headphone-earbuds-under-300-bluetooth/p/itmcdd3645296a62,1,0.258,0.2,5,3.9
Flipkart,audio,NITRAMAX V5.4 Bluetooth Neckband with Hardcore Bass & HD Calling Microphone Bluetooth Gaming,245.0,999.0,75.0,3.6,450,90,,Third-party,,3.0,0,0,,0,Only Few Left,1,0,,7 days replacement,1,https://www.flipkart.com/nitramax-v5-4-bluetooth-neckband-hardcore-bass-hd-calling-microphone-gaming/p/itm9bf20cdb97063,1,0.21,0.2,5,3.94
Flipkart,audio,"Aroma NB119 Titanium Upto 48Hr Playtime*, Fast Charging, Dual Pairing Neckband Bluetooth",403.0,2499.0,83.0,4.0,173,34,,Third-party,,3.0,0,0,,0,,0,1,Bank/Coupon Offer Available,7 days replacement,1,https://www.flipkart.com/aroma-nb119-titanium-upto-48hr-playtime-fast-charging-dual-pairing-neckband-bluetooth/p/itmb04c2a81a7976,1,0.166,0.197,3,4.1
Flipkart,audio,Moss Echo Endura Bluetooth,1498.0,7999.0,81.0,4.0,289,57,,Third-party,,3.0,0,0,,0,,0,1,Bank/Coupon Offer Available,7 days replacement,1,https://www.flipkart.com/moss-echo-endura-bluetooth/p/itmc6a30eb70d2d5,1,0.162,0.197,3,4.1
Flipkart,audio,TECHIO Black Earbuds | True Wireless Stereo | Noise Cancelling Bluetooth,273.0,1999.0,86.0,3.5,69,13,,Third-party,,3.0,0,0,,0,,0,1,Bank/Coupon Offer Available,7 days replacement,1,https://www.flipkart.com/techio-black-earbuds-true-wireless-stereo-noise-cancelling-bluetooth/p/itm0276b3ead64b1,1,0.258,0.188,3,3.75
Flipkart,audio,BULLSTORM Exclusive TWS T2 Wireless Earbuds with 1500Mah Powerbank & ASAP charge ANC B32 Bluetooth,276.0,1899.0,85.0,3.5,200,40,,Third-party,,3.0,0,0,,0,,0,1,Bank/Coupon Offer Available,7 days replacement,1,https://www.flipkart.com/bullstorm-exclusive-tws-t2-wireless-earbuds-1500mah-powerbank-asap-charge-anc-b32-bluetooth/p/itm4d1d4eae17467,1,0.255,0.2,3,3.9
Flipkart,audio,Aroma NB120 Electro Buds Wireless 2 Neo 50Hrs Playtime*Fast Charge+Bass Boost Neckband Bluetooth,300.0,2499.0,87.0,3.9,489,97,,Third-party,,3.0,0,0,,0,,0,1,Bank/Coupon Offer Available,7 days replacement,1,https://www.flipkart.com/aroma-nb120-electro-buds-wireless-2-neo-50hrs-playtime-fast-charge-bass-boost-neckband-bluetooth/p/itm9832936c8ac7f,1,0.191,0.198,3,4.06
Flipkart,audio,icall BestSound Latest P47 With Mic With 6 Hour Battery Backup Bluetooth,300.0,1599.0,81.0,3.6,355,71,,Third-party,,3.0,0,0,,0,Only Few Left,1,0,,7 days replacement,1,https://www.flipkart.com/icall-bestsound-latest-p47-mic-6-hour-battery-backup-bluetooth/p/itm7c25cec4d2d96,1,0.227,0.2,5,3.94
Flipkart,audio,Highnotes Premium EarBud with 60 Hours Playtime & Fast Charging with Deep Bass&Pure Sound Bluetooth,394.0,2999.0,86.0,4.2,434,86,,Third-party,,3.0,0,0,,0,,0,1,Bank/Coupon Offer Available,7 days replacement,1,https://www.flipkart.com/highnotes-premium-earbud-60-hours-playtime-fast-charging-deep-bass-pure-sound-bluetooth/p/itm87a2648536a47,1,0.138,0.198,3,4.18
Flipkart,audio,"GWALBROS New Black TWS Bluetooth Earbuds, True Wireless Headphone F01 Bluetooth",280.0,1999.0,85.0,3.4,330,66,,Third-party,,3.0,0,0,,0,Only Few Left,1,0,,7 days replacement,1,https://www.flipkart.com/gwalbros-new-black-tws-bluetooth-earbuds-true-wireless-headphone-f01/p/itm9de08a1d8ee11,1,0.272,0.2,5,3.86
Flipkart,audio,"SOBEYS M10 TWS Earbuds with BT 5.3, 13mm Drivers Fast Charging, Touch Control Bluetooth",297.0,1999.0,85.0,5.0,150,30,,Third-party,,3.0,0,0,,0,Only Few Left,1,0,,7 days replacement,1,https://www.flipkart.com/sobeys-m10-tws-earbuds-bt-5-3-13mm-drivers-fast-charging-touch-control-bluetooth/p/itm3aef1357175f1,1,0.0,0.2,5,4.5
Flipkart,audio,GWALBROS Earbuds M19 PRO with Power Bank Upto 48Hrs Playback Bluetooth Headset Bluetooth,376.0,1993.0,81.0,3.6,234,46,,Third-party,,3.0,0,0,,0,Only Few Left,1,0,,7 days replacement,1,https://www.flipkart.com/gwalbros-earbuds-m19-pro-power-bank-upto-48hrs-playback-bluetooth-headset/p/itm2987c8e5859cc,1,0.227,0.197,5,3.94
Flipkart,audio,"Aroma TWS29 Upto 50Hr Playtime*, Dual Paring, BT V5.3, Fast Charging, Heavy Bass Bluetooth",478.0,2499.0,80.0,3.8,144,28,,Third-party,,3.0,0,0,,0,,0,0,,7 days replacement,1,https://www.flipkart.com/aroma-tws29-upto-50hr-playtime-dual-paring-bt-v5-3-fast-charging-heavy-bass-bluetooth/p/itm6c733ca835467,0,0.192,0.194,2,4.015
Flipkart,audio,"Aroma TWS29 Upto 50Hr Playtime*, Dual Paring, BT V5.3, Fast Charging, Heavy Bass Bluetooth",489.0,2499.0,80.0,3.8,77,15,,Third-party,,3.0,0,0,,0,,0,0,,7 days replacement,1,https://www.flipkart.com/aroma-tws29-upto-50hr-playtime-dual-paring-bt-v5-3-fast-charging-heavy-bass-bluetooth/p/itm21c9fa474f5ff,0,0.192,0.195,2,3.891
Flipkart,audio,Ucool Elite 100 Hours Playtime Wireless Neckband headphones Earphone Bluetooth,426.0,2899.0,85.0,4.0,199,39,,Third-party,,3.0,0,0,,0,Only Few Left,1,0,,7 days replacement,1,https://www.flipkart.com/ucool-elite-100-hours-playtime-wireless-neckband-headphones-earphone-bluetooth/p/itma14c1adba41e6,1,0.17,0.196,5,4.1
Flipkart,audio,"Aroma NB119 Core Upto 60 Hours Playtime* With Magnetic On/Off, ENC & Voice Changer Bluetooth",300.0,2899.0,89.0,3.9,112,22,,Third-party,,3.0,0,0,,0,,0,0,,7 days replacement,1,https://www.flipkart.com/aroma-nb119-core-upto-60-hours-playtime-magnetic-on-off-enc-voice-changer-bluetooth/p/itm7b903f0dc667d,0,0.196,0.196,2,4.005
Flipkart,audio,"techHUNK One-Pls Neckband with 48HRS Playback ENC,ANC,Beast mode Technology,Fast Charging Bluetooth",295.0,1999.0,85.0,4.3,186,37,,Third-party,,3.0,0,0,,0,,0,1,Bank/Coupon Offer Available,7 days replacement,1,https://www.flipkart.com/techhunk-one-pls-neckband-48hrs-playback-enc-anc-beast-mode-technology-fast-charging-bluetooth/p/itma724d0c8a7d18,1,0.119,0.199,3,4.22
Flipkart,audio,m2wear DX21 AeroPods Neo Compact Earbud with Deep Bass Bluetooth Headset Bluetooth without Mic,492.0,1190.0,58.0,4.0,397,79,,Third-party,,3.0,0,0,,0,,0,1,Bank/Coupon Offer Available,7 days replacement,1,https://www.flipkart.com/m2wear-dx21-aeropods-neo-compact-earbud-deep-bass-bluetooth-headset-without-mic/p/itm5ebc252850550,1,0.116,0.199,1,5.1
Flipkart,audio,"Soroo Future Wireless Bluetooth Neckband with 100h Music, ENC Mic, Fast Charging, Clean Bass Bluetooth",439.0,4075.0,89.0,3.8,81,16,,Third-party,,3.0,0,0,,0,Only Few Left,1,0,,7 days replacement,1,https://www.flipkart.com/soroo-future-wireless-bluetooth-neckband-100h-music-enc-mic-fast-charging-clean-bass/p/itmfbbb1ef7ecbd2,1,0.214,0.198,5,3.901
Flipkart,audio,TECHBROS New Edition TWS M19 PRO with Power Bank Upto 48HR Playback Bluetooth Headset F10 Bluetooth,441.0,1999.0,77.0,3.6,398,79,,Third-party,,3.0,0,0,,0,Only Few Left,1,0,,7 days replacement,1,https://www.flipkart.com/techbros-new-tws-m19-pro-power-bank-upto-48hr-playback-bluetooth-headset-f10/p/itm49dddcdb03ce6,1,0.216,0.198,5,3.94
Flipkart,audio,T ZED Wireless Z3 ANC&ENC Earphones&Neckband Music time 100 Hours Bluetooth,294.0,1799.0,83.0,3.7,179,35,,Third-party,,3.0,0,0,,0,,0,1,Bank/Coupon Offer Available,7 days replacement,1,https://www.flipkart.com/t-zed-wireless-z3-anc-enc-earphones-neckband-music-time-100-hours-bluetooth/p/itmccb61ebe0b189,1,0.216,0.196,3,3.98
Flipkart,audio,Aroma NB119B Badshah - 40 Hours Playtime Neckband Bluetooth,300.0,1499.0,79.0,3.9,90,18,,Third-party,,3.0,0,0,,0,,0,1,Bank/Coupon Offer Available,7 days replacement,1,https://www.flipkart.com/aroma-nb119b-badshah-40-hours-playtime-neckband-bluetooth/p/itm45cdcb3a95f2f,1,0.174,0.2,3,3.962
Flipkart,audio,"Aroma NB126 Berry V5.4 Upto 60Hr Playtime* Dual Paring, Fast Charging, Heavy Bass Bluetooth",478.0,2999.0,84.0,3.8,355,71,,Third-party,,3.0,0,0,,0,,0,0,,7 days replacement,1,https://www.flipkart.com/aroma-nb126-berry-v5-4-upto-60hr-playtime-dual-paring-fast-charging-heavy-bass-bluetooth/p/itmdf0c607061a98,0,0.202,0.2,2,4.02
Flipkart,audio,T ZED Wireless Z3 ANC&ENC Earphones&Neckband Bluetooth,298.0,1899.0,84.0,3.5,233,46,,Third-party,,3.0,0,0,,0,Only Few Left,1,0,,7 days replacement,1,https://www.flipkart.com/t-zed-wireless-z3-anc-enc-earphones-neckband-bluetooth/p/itm16a79bfaeaeaf,1,0.252,0.197,5,3.9
Flipkart,audio,"Aroma NB119 Titanium Pro Upto 100 Hr Playtime*,ENC,Fast Charging,Dual Pairing Neckband Bluetooth",447.0,1499.0,70.0,4.0,331,66,,Third-party,,3.0,0,0,,0,,0,1,Bank/Coupon Offer Available,7 days replacement,1,https://www.flipkart.com/aroma-nb119-titanium-pro-upto-100-hr-playtime-enc-fast-charging-dual-pairing-neckband-bluetooth/p/itm2479b2304d8aa,1,0.14,0.199,3,5.1
Flipkart,audio,"EARBUDDY 151 Buds With Touch Sensor, Waterproof, ANC, Bluetooth V5.3 Bluetooth",414.0,1999.0,79.0,3.7,123,24,,Third-party,,3.0,0,0,,0,,0,1,Bank/Coupon Offer Available,7 days replacement,1,https://www.flipkart.com/earbuddy-151-buds-touch-sensor-waterproof-anc-bluetooth-v5-3/p/itmf1b61a272f9b7,1,0.205,0.195,3,3.944
Flipkart,audio,"Aroma NB119 Pro Belief Upto 48H Playtime* Fast Charging, Dual Pairing Neckband Bluetooth",300.0,1999.0,84.0,3.6,199,39,,Third-party,,3.0,0,0,,0,,0,1,Bank/Coupon Offer Available,7 days replacement,1,https://www.flipkart.com/aroma-nb119-pro-belief-upto-48h-playtime-fast-charging-dual-pairing-neckband-bluetooth/p/itm2c7088a55ed94,1,0.235,0.196,3,3.94
Flipkart,audio,Three Guys Airpods Earbuds Plus Bass Boost & Smart Touch Bluetooth Bluetooth,300.0,1699.0,82.0,3.5,413,82,,Marketplace Fulfilled,,3.0,0,0,,0,,0,1,Bank/Coupon Offer Available,7 days replacement,1,https://www.flipkart.com/three-guys-airpods-earbuds-plus-bass-boost-smart-touch-bluetooth/p/itm695b4f1f79d82,1,0.246,0.199,3,3.9
Flipkart,audio,Aroma NB119 Titanium - 48 Hours Playtime Neckband Bluetooth,403.0,2499.0,83.0,4.0,75,15,,Third-party,,3.0,0,0,,0,,0,1,Bank/Coupon Offer Available,7 days replacement,1,https://www.flipkart.com/aroma-nb119-titanium-48-hours-playtime-neckband-bluetooth/p/itmbc3742b6dd62c,1,0.166,0.2,3,3.966
Flipkart,audio,Currently unavailable,300.0,2599.0,88.0,3.7,147,29,,Third-party,,3.0,0,0,,0,,0,1,Bank/Coupon Offer Available,7 days replacement,1,https://www.flipkart.com/aroma-nb120-amaze-upto-50-hrs-playtime-dual-pairing-fast-charing-z2-neckband-bluetooth/p/itmf1173873f4bc3,1,0.229,0.197,3,3.979
Flipkart,audio,"Lufina Buds T200 Lite with 13mm Driver, 50hrs Playback, Pairing Bluetooth Bluetooth Gaming",264.0,1999.0,86.0,3.4,262,52,,Third-party,,3.0,0,0,,0,,0,1,Bank/Coupon Offer Available,7 days replacement,1,https://www.flipkart.com/lufina-buds-t200-lite-13mm-driver-50hrs-playback-pairing-bluetooth-gaming/p/itm01d8adc6a9656,1,0.275,0.198,3,3.86
Flipkart,audio,T ZED Wireless Z3 ANC&ENC Earphones&Neckband Music time 100 Hours Bluetooth,348.0,1899.0,81.0,3.7,220,44,,Third-party,,3.0,0,0,,0,Only Few Left,1,0,,7 days replacement,1,https://www.flipkart.com/t-zed-wireless-z3-anc-enc-earphones-neckband-music-time-100-hours-bluetooth/p/itm5b9c4d1a16044,1,0.211,0.2,5,3.98
Flipkart,wearables,"Silver Grey Strap, Free Size",650.0,3823.53,83.0,1.3,446,89,,Third-party,Free Delivery,3.0,1,0,,0,,0,0,,7 days replacement,1,https://www.flipkart.com/fire-boltt-hurricane-2026-1-3-curved-glass-display-bt-calling-100-sports-modes-smartwatch/p/itm3c859e9844078,0,0.614,0.2,2,3.02
Flipkart,wearables,"Jet Black Strap, Regular",650.0,4999.0,68.0,4.0,313,62,,Third-party,,3.0,0,0,,0,,0,0,,7 days replacement,1,https://www.flipkart.com/noise-twist-go-1-39-display-bluetooth-calling-metallic-finish-100-sports-modes-smartwatch/p/itmf9fa3027228f8,0,0.136,0.198,2,5.1
Flipkart,wearables,"Black Strap, Free size",495.0,1899.0,73.0,4.0,319,63,,Third-party,Free Delivery,3.0,1,0,,0,Only Few Left,1,0,,7 days replacement,1,https://www.flipkart.com/techy-alpha-t500ultra-max-1-92-hd-display-bluetooth-calling-music-mode-smartwatch/p/itme55cd329aed60,1,0.146,0.197,5,4.1
Flipkart,wearables,Bestseller,500.0,2777.78,82.0,4.0,170,34,,Third-party,Free Delivery,3.0,1,0,Bestseller,1,,0,0,,7 days replacement,1,https://www.flipkart.com/boat-wave-fury-smartwatch/p/itm8a785ea5801dc,1,0.164,0.2,2,4.1
Flipkart,wearables,"Black Strap, Free Size",1425.0,4999.0,50.0,4.0,273,54,,Third-party,Free Delivery,3.0,1,0,,0,,0,0,,7 days replacement,1,https://www.flipkart.com/fastrack-revoltt-pro-1-97-super-amoled-display-aod-working-crown-bt-calling-fast-charge-smartwatch/p/itma0f51c32fc429,0,0.1,0.198,0,5.1
Flipkart,wearables,"Silver Strap, Free Size",1699.0,4999.0,66.0,4.0,234,46,,Third-party,Free Delivery,3.0,1,0,,0,Only 1 Left,1,0,,7 days replacement,1,https://www.flipkart.com/goboult-dire-1-38-2-5d-hd-display-500nits-brightness-250-watch-faces-smartwatch/p/itm08f1f9e50da4f,1,0.132,0.197,5,5.1
Flipkart,wearables,"Onyx Black Strap, Free Size",999.0,999.0,95.0,4.0,498,99,,Third-party,Free Delivery,3.0,1,0,Lowest Price,1,,0,0,,7 days replacement,1,https://www.flipkart.com/fire-boltt-ninja-blaze-1-83-hd-display-stainless-steel-built-bluetooth-calling-metal-body-smartwatch/p/itmc6777488c4d94,1,0.19,0.199,2,4.1
Flipkart,wearables,"BLACK Strap, FREE Size",500.0,1499.0,66.0,4.0,265,53,,Third-party,Free Delivery,3.0,1,0,,0,Only Few Left,1,0,,7 days replacement,1,https://www.flipkart.com/rkls-t800-ultra-smart-watch-black-smartwatch/p/itm581c1922ac797,1,0.132,0.2,5,5.1
Flipkart,wearables,"Multicolor Strap, Free Size",757.0,3429.0,77.0,4.0,391,78,,Third-party,Free Delivery,3.0,1,0,,0,,0,0,,7 days replacement,1,https://www.flipkart.com/giskat-i20-smart-watch-5g-network-smartwatch/p/itm0d239e46c3a45,0,0.154,0.199,2,4.1
Flipkart,wearables,"Multicolor Strap, Free Size",746.0,2999.0,75.0,4.0,133,26,,Third-party,Free Delivery,3.0,1,0,,0,Only Few Left,1,0,,7 days replacement,1,https://www.flipkart.com/kumari-enterprises-ultra-i20-series-8-bluetooth-call-4g-network-smartwatch/p/itm0d239e46c3a45,1,0.15,0.195,5,4.08
Flipkart,wearables,"Tangerine Strap, Free Size",1399.0,6999.0,80.0,4.0,262,52,,Third-party,Free Delivery,3.0,1,0,,0,,0,0,,7 days replacement,1,https://www.flipkart.com/goboult-crown-pro-2-01-amoled-display-working-crown-aod-zinc-alloy-frame-smartwatch/p/itm3b052bb5053f7,0,0.16,0.198,2,4.1
Flipkart,wearables,"Yellow Strap, Free Size",650.0,4499.0,64.0,4.0,393,78,,Third-party,Free Delivery,3.0,1,0,,0,,0,0,,7 days replacement,1,https://www.flipkart.com/goboult-crown-1-95-hd-display-bt-calling-working-crown-900-nits-spo2-smartwatch/p/itm81d6a0ad11a3f,0,0.128,0.198,2,5.1
Flipkart,wearables,"Elite Black Strap, Regular",1175.0,5999.0,66.0,4.0,254,50,,Third-party,,3.0,0,0,,0,,0,0,,7 days replacement,1,https://www.flipkart.com/noise-crew-go-1-39-display-bt-calling-metal-strap-7-days-battery-life-smartwatch/p/itm975f32d9f747a,0,0.132,0.197,2,5.1
Flipkart,wearables,"Black Strap, Regular Size",658.0,3999.0,83.0,4.0,122,24,,Third-party,,3.0,0,0,,0,,0,0,,7 days replacement,1,https://www.flipkart.com/mvc-enterprise-h9-pro-max-1-83-display-bluetooth-calling-ai-voice-smartwatch/p/itm8a2662288d305,0,0.166,0.197,2,4.062
Flipkart,wearables,"Multicolor Strap, Free Size",619.0,2999.0,79.0,4.0,336,67,,Third-party,Free Delivery,3.0,1,0,,0,Only Few Left,1,0,,7 days replacement,1,https://www.flipkart.com/yash-enterprises-7-n1-smart-watch-s8-4g-network-android-system-t800-ultra-t7in1-smartwatch/p/itm1f9748aa5a144,1,0.158,0.199,5,4.1
Flipkart,wearables,"Black Strap, FREE",666.0,2999.0,77.0,4.0,385,77,,Third-party,Free Delivery,3.0,1,0,,0,,0,1,Bank/Coupon Offer Available,7 days replacement,1,https://www.flipkart.com/techio-h9-pro-max-smart-watch-1-smartwatch/p/itm578422f438151,1,0.154,0.2,3,4.1
Flipkart,wearables,"Peach Strap, Free Size",500.0,2941.18,83.0,4.0,321,64,,Third-party,Free Delivery,3.0,1,0,,0,,0,0,,7 days replacement,1,https://www.flipkart.com/goboult-drift-bt-calling-hd-display-140-watchface-calling-ip68-smartwatch/p/itm589ef3cfd9499,0,0.166,0.199,2,4.1
Flipkart,wearables,"Green Strap, Free Size",1425.0,7999.0,68.0,4.0,476,95,,Third-party,Free Delivery,3.0,1,0,,0,,0,0,,7 days replacement,1,https://www.flipkart.com/goboult-thrux-1-39-hd-screen-gps-tracker-working-crown-smartwatch/p/itmb92f897aa6cbb,0,0.136,0.2,2,5.1
Flipkart,wearables,"Black Strap, Regular Size",220.0,687.5,68.0,4.0,94,18,,Third-party,,3.0,0,0,,0,,0,0,,7 days replacement,1,https://www.flipkart.com/punnkfunnk-edge-lite-1-99-amoled-display-bt-calling-ai-voice-music-fitness-smartwatch/p/itmf197e19ddd08f,0,0.136,0.191,2,5.011
Flipkart,wearables,"Steel Black Strap, Free Size",4299.0,10499.0,59.0,4.0,375,75,,Third-party,Free Delivery,3.0,1,0,,0,,0,0,,7 days replacement,1,https://www.flipkart.com/boat-chrome-endeavour-premium-metal-body-ai-coach-1-96-4-97cm-amoled-display-smartwatch/p/itm5077f34112b5a,0,0.118,0.2,0,5.1
Flipkart,wearables,"Dark Blue Strap, Free Size",1099.0,5999.0,81.0,1.3,174,34,,Third-party,Free Delivery,3.0,1,0,,0,,0,0,,7 days replacement,1,https://www.flipkart.com/goboult-cosmic-r-1-3-hd-display-150-watch-faces-100-sports-modes-ip67-smartwatch/p/itm059b1259e2aa3,0,0.599,0.195,2,3.02
Flipkart,wearables,"Orange Strap, Free Size",495.0,2999.0,83.0,4.0,238,47,,Third-party,Free Delivery,3.0,1,0,,0,Only Few Left,1,0,,7 days replacement,1,https://www.flipkart.com/vinayak-t800-ultra-smart-watch-no-sim-card-opetion-smartwatch/p/itm57932d87731f2,1,0.166,0.197,5,4.1
Flipkart,wearables,"Black Strap, FREE SIZE",763.0,5999.0,87.0,4.0,436,87,,Third-party,Free Delivery,3.0,1,0,,0,Only Few Left,1,0,,7 days replacement,1,https://www.flipkart.com/fuziqra-t800-ultra-bt-calling-watch-wireless-charging-health-tracking-sensor-black-smartwatch/p/itm579b2d12e2f15,1,0.174,0.2,5,4.1
Flipkart,wearables,"Multicolor Strap, Free Size",644.0,2999.0,78.0,4.0,115,23,,Third-party,Free Delivery,3.0,1,0,,0,,0,1,Bank/Coupon Offer Available,7 days replacement,1,https://www.flipkart.com/congi-7-1-combo-ultra-smart-watch-in1-strap-s9-smartwatch/p/itm063aebdd7724b,1,0.156,0.2,3,4.051
Flipkart,wearables,"Jet Black Strap, Regular",1425.0,6999.0,67.0,4.0,174,34,,Marketplace Fulfilled,,3.0,0,0,,0,,0,0,,7 days replacement,1,https://www.flipkart.com/noise-vortex-plus-1-46-amoled-display-bt-calling-sleek-metal-finish-smartwatch/p/itmcd99ecd6c3260,0,0.134,0.195,2,5.1
Flipkart,wearables,"Jet Black Strap, Regular",1999.0,6999.0,71.0,4.0,82,16,,Third-party,,3.0,0,0,,0,,0,0,,7 days replacement,1,https://www.flipkart.com/noise-icon-4-stunning-1-96-amoled-display-metallic-finish-bt-calling-smartwatch/p/itmb7800093c5c95,0,0.142,0.195,2,3.984
Flipkart,wearables,"Silver C Strap, 46",1099.0,9999.0,89.0,4.0,369,73,,Third-party,,3.0,0,0,Lowest Price,1,,0,0,,7 days replacement,1,https://www.flipkart.com/fire-boltt-talk-35-3mm-1-39-bluetooth-calling-spo2-metal-body-luxury-design-smartwatch/p/itm22fd002b4a424,1,0.178,0.198,2,4.1
Flipkart,wearables,"Grey Strap, Free Size",2775.0,9999.0,61.0,4.0,81,16,,Third-party,Free Delivery,3.0,1,0,,0,,0,0,,7 days replacement,1,https://www.flipkart.com/samsung-galaxy-fit3-amoled-display-aluminium-body-upto-13day-battery-5atm-ip68/p/itm5d52a219c74a5,0,0.122,0.198,2,4.981
Flipkart,wearables,"Coal Black Strap, Free Size",1175.0,4999.0,60.0,4.0,474,94,,Third-party,Free Delivery,3.0,1,0,,0,,0,0,,7 days replacement,1,https://www.flipkart.com/goboult-mirage-1-39-screen-working-crown-zinc-alloy-frame-500-nits-smartwatch/p/itmca07616d2d746,0,0.12,0.198,0,5.1
Flipkart,wearables,"Active Black Strap, Free Size",3999.0,9999.0,60.0,4.0,255,51,,Third-party,Free Delivery,3.0,1,0,,0,,0,0,,7 days replacement,1,https://www.flipkart.com/boat-chrome-eon-smartwatch/p/itm75346e3cadd17,0,0.12,0.2,0,5.1
Flipkart,wearables,"Green Strap, Free Size",1199.0,6999.0,82.0,4.0,151,30,,Third-party,Free Delivery,3.0,1,0,,0,Only 3 Left,1,0,,7 days replacement,1,https://www.flipkart.com/boat-wave-fury-smartwatch/p/itm7795a986a347e,1,0.164,0.199,5,4.1
Flipkart,wearables,"Multicolor Strap, Free Size",656.0,2899.0,77.0,4.0,364,72,,Third-party,Free Delivery,3.0,1,0,,0,Only Few Left,1,0,,7 days replacement,1,https://www.flipkart.com/kumari-enterprises-new-7-1-ultra-4g-smart-watch-wifi-gps-network-t900-smartwatch/p/itm0158a3227f97e,1,0.154,0.198,5,4.1
Flipkart,wearables,"Blue Strap, Free Size",1599.0,1999.0,20.0,4.0,399,79,,Third-party,Free Delivery,3.0,1,0,,0,,0,1,Bank/Coupon Offer Available,7 days replacement,1,https://www.flipkart.com/fastrack-jupiter-s3-1-83-display-functional-crown-bt-calling-5-days-battery-smartwatch/p/itm82efc227d367f,1,0.04,0.198,1,5.1
Flipkart,wearables,"Black Strap, Free Size",1799.0,3999.0,55.0,4.0,497,99,,Third-party,Free Delivery,3.0,1,0,,0,,0,1,Bank/Coupon Offer Available,7 days replacement,1,https://www.flipkart.com/fastrack-revoltt-fr2-smartwatch/p/itmf8c43c63ffc7b,1,0.11,0.199,1,5.1
Flipkart,wearables,"Coco Brown Strap, Free Size",2650.0,9499.0,62.0,4.0,187,37,,Third-party,Free Delivery,3.0,1,0,,0,,0,0,,7 days replacement,1,https://www.flipkart.com/boat-chrome-horizon-1-51-3-83cm-metal-body-amoled-display-video-watch-faces-smartwatch/p/itm9eaa9ab63fe25,0,0.124,0.198,2,5.1
Flipkart,wearables,"Green Strap, Free Size",650.0,5999.0,75.0,1.3,440,88,,Third-party,Free Delivery,3.0,1,0,,0,,0,0,,7 days replacement,1,https://www.flipkart.com/goboult-cosmic-r-1-3-hd-display-150-watch-faces-100-sports-modes-ip67-smartwatch/p/itm0685a7c4a7bab,0,0.555,0.2,2,3.02
Flipkart,wearables,"Grey Strap, Free Size",1799.0,2499.0,28.0,4.0,360,72,,Third-party,Free Delivery,3.0,1,0,,0,,0,1,Bank/Coupon Offer Available,7 days replacement,1,https://www.flipkart.com/fastrack-jupiter-r3-bt-calling-premium-round-dial-fast-charging-5-days-battery-smartwatch/p/itm980d25a71b3eb,1,0.056,0.2,1,5.1
Flipkart,wearables,"Black Strap, Free Size",875.0,3995.0,57.0,4.0,298,59,,Third-party,Free Delivery,3.0,1,0,,0,,0,0,,7 days replacement,1,https://www.flipkart.com/fastrack-revoltt-xr1-smartwatch/p/itm470880e507472,0,0.114,0.198,0,5.1
Flipkart,wearables,"Silver Strap, Free Size",875.0,4999.0,66.0,4.0,308,61,,Third-party,Free Delivery,3.0,1,0,,0,,0,0,,7 days replacement,1,https://www.flipkart.com/goboult-dire-1-38-2-5d-hd-display-500nits-brightness-250-watch-faces-smartwatch/p/itm08f1f9e50da4f,0,0.132,0.198,2,5.1
Flipkart,wearables,"Blue Strap, Free Size",500.0,4166.67,88.0,4.0,255,51,,Third-party,Free Delivery,3.0,1,0,,0,,0,0,,7 days replacement,1,https://www.flipkart.com/fire-boltt-rise-x-2-01-hd-display-wireless-charging-rotating-crown-bluetooth-call-smartwatch/p/itm9d6b060f25edb,0,0.176,0.2,2,4.1
Flipkart,wearables,"Lurey Black Strap, Free Size",799.0,3999.0,80.0,4.0,274,54,,Third-party,Free Delivery,3.0,1,0,,0,,0,0,,7 days replacement,1,https://www.flipkart.com/itel-alpha-2-hd-display-500nits-always-on-display-150-watch-faces-smartwatch/p/itm7500c978ceeed,0,0.16,0.197,2,4.1
Flipkart,wearables,"Midnight Blue Strap, Regular",650.0,5999.0,75.0,1.8,195,39,,Third-party,,3.0,0,0,,0,,0,0,,7 days replacement,1,https://www.flipkart.com/noise-colorfit-icon-2-1-8-display-bluetooth-calling-ai-voice-assistant-smartwatch/p/itm8229e27c1df28,0,0.48,0.2,2,3.22
Flipkart,wearables,"Grey Strap, Free Size",1599.0,1999.0,20.0,4.0,381,76,,Third-party,Free Delivery,3.0,1,0,,0,,0,1,Bank/Coupon Offer Available,7 days replacement,1,https://www.flipkart.com/fastrack-jupiter-s3-1-83-display-functional-crown-bt-calling-5-days-battery-smartwatch/p/itmfc983eeff80dd,1,0.04,0.199,1,5.1
Flipkart,wearables,"Black Strap, Free Size",1699.0,2995.0,43.0,4.0,90,18,,Third-party,Free Delivery,3.0,1,0,,0,Only Few Left,1,0,,7 days replacement,1,https://www.flipkart.com/fastrack-revoltt-x2-1-91-bt-calling-rotating-crown-60-hz-refresh-rate-fast-charge-smartwatch/p/itm8318d5eb87c01,1,0.086,0.2,3,5.002
Flipkart,wearables,"Green Strap, Free Size",1799.0,2499.0,28.0,4.0,442,88,,Third-party,Free Delivery,3.0,1,0,,0,,0,1,Bank/Coupon Offer Available,7 days replacement,1,https://www.flipkart.com/fastrack-jupiter-r3-bt-calling-premium-round-dial-fast-charging-5-days-battery-smartwatch/p/itm832f1c21891b1,1,0.056,0.199,1,5.1
Flipkart,wearables,"Green Strap, Free Size",875.0,3995.0,57.0,4.0,493,98,,Third-party,Free Delivery,3.0,1,0,,0,,0,0,,7 days replacement,1,https://www.flipkart.com/fastrack-revoltt-xr1-smartwatch/p/itm6de298b960d2d,0,0.114,0.199,0,5.1
Flipkart,wearables,"Midnight Black Strap, Regular",650.0,2954.55,78.0,4.0,180,36,,Third-party,,3.0,0,0,,0,,0,0,,7 days replacement,1,https://www.flipkart.com/noise-pulse-3-1-96-display-bt-calling-100-sports-modes-150-watchfaces-smartwatch/p/itm7ddfa145db2f9,0,0.156,0.2,2,4.1
Flipkart,wearables,"Active Black Strap, Free Size",1299.0,6999.0,81.0,4.0,125,25,,Third-party,Free Delivery,3.0,1,0,,0,,0,0,,7 days replacement,1,https://www.flipkart.com/boat-lunar-discovery-neo-1-39-hd-display-metallic-finish-bt-calling-smart-watch-smartwatch/p/itm5aaa5b5edfaf8,0,0.162,0.2,2,4.067
Flipkart,wearables,Flipkart Product,619.0,3819.0,83.0,4.0,334,66,,Third-party,,3.0,0,0,,0,,0,0,,7 days replacement,1,https://www.flipkart.com/dicrobots-ultra-gold-touch-watch-25-new-features-golden-music-play-smartwatch/p/itmeaf6d458e3f72,0,0.166,0.198,2,4.1
Flipkart,wearables,"Active Black Strap, Free Size",1599.0,6499.0,75.0,4.0,201,40,,Third-party,Free Delivery,3.0,1,0,,0,,0,1,Bank/Coupon Offer Available,7 days replacement,1,https://www.flipkart.com/boat-storm-call-4-smartwatch-type-c-charge-hd-display-functional-crown-bt-calling-smartwatch/p/itm8e82c0a4b1235,1,0.15,0.199,3,4.1
Flipkart,wearables,"Black Strap, Free Size",2995.0,7995.0,62.0,4.0,312,62,,Third-party,Free Delivery,3.0,1,0,,0,,0,1,Bank/Coupon Offer Available,7 days replacement,1,https://www.flipkart.com/fastrack-revoltt-fs1-pro-smartwatch/p/itma8aaa09416ad1,1,0.124,0.199,3,5.1
Flipkart,wearables,"Black Strap, Free Size",1999.0,2999.0,33.0,4.0,147,29,,Third-party,Free Delivery,3.0,1,0,,0,,0,1,Bank/Coupon Offer Available,7 days replacement,1,https://www.flipkart.com/fastrack-revolt-fs3-2-01-curved-display-bt-calling-crown-control-24-7-health-suit-smartwatch/p/itm31a78588d9642,1,0.066,0.197,1,5.099
Flipkart,wearables,"Black Strap, Free Size",2999.0,4499.0,33.0,4.0,98,19,,Third-party,Free Delivery,3.0,1,0,,0,,0,1,Bank/Coupon Offer Available,7 days replacement,1,https://www.flipkart.com/fastrack-optimus-2-pro-smartwatch/p/itma28bd672791ec,1,0.066,0.194,1,5.019
Flipkart,wearables,"Starlight N Strap, Free Size",999.0,9990.0,90.0,4.0,188,37,,Third-party,Free Delivery,3.0,1,0,Lowest Price,1,,0,0,,7 days replacement,1,https://www.flipkart.com/fire-boltt-ring-x-2-01inch-hd-always-on-display-metal-body-design-wireless-charging-smartwatch/p/itm5bbb04446c7f0,1,0.18,0.197,2,4.1
Flipkart,wearables,"Active Black Strap, One size",650.0,5999.0,75.0,4.0,446,89,,Third-party,,3.0,0,0,,0,,0,0,,7 days replacement,1,https://www.flipkart.com/boat-wave-sigma-3-curv-2-01-immersive-curved-display-metal-finish-ip68-smartwatch/p/itmf688a0253ff95,0,0.15,0.2,2,4.1
Flipkart,wearables,"Shadow Black Leather Strap, Free Size",1399.0,1399.0,92.0,4.0,355,71,,Third-party,Free Delivery,3.0,1,0,Lowest Price,1,,0,0,,7 days replacement,1,https://www.flipkart.com/fire-boltt-legacy-nova-1-43-inch-ultra-slim-amoled-wireless-charging-rotating-crown-bt-call-smartwatch/p/itmb066c32435034,1,0.184,0.2,2,4.1
Flipkart,wearables,"Dark Grey Strap, Free Size",3825.0,5499.0,9.0,4.0,71,14,,Third-party,Free Delivery,3.0,1,0,,0,,0,0,,7 days replacement,1,https://www.flipkart.com/cmf-nothing-watch-pro-2-1-32-amoled-auto-brightness-gesture-control-3d-warmup-guide-gps-smartwatch/p/itm51681954b749e,0,0.018,0.197,0,4.955
Flipkart,wearables,"Pure Black Strap, Free Size",650.0,3250.0,80.0,4.0,97,19,,Third-party,Free Delivery,3.0,1,0,,0,,0,0,,7 days replacement,1,https://www.flipkart.com/goboult-drift-max-2-01-hd-screen-bt-calling-working-crown-ip67-smartwatch/p/itmace9d4fb11948,0,0.16,0.196,2,4.017
Flipkart,wearables,"Cinnamon Slate Strap, Free Size",500.0,4166.67,88.0,4.0,122,24,,Marketplace Fulfilled,Free Delivery,3.0,1,0,,0,,0,0,,7 days replacement,1,https://www.flipkart.com/fire-boltt-ninja-calling-pro-plus-46-5mm-1-83-display-bluetooth-ai-voice-smartwatch/p/itmdae622722ef85,0,0.176,0.197,2,4.062
Flipkart,wearables,"Jade Green Strap, Free Size",1399.0,1399.0,92.0,4.0,239,47,,Third-party,Free Delivery,3.0,1,0,Lowest Price,1,,0,0,,7 days replacement,1,https://www.flipkart.com/fire-boltt-legacy-nova-1-43-inch-ultra-slim-amoled-wireless-charging-rotating-crown-bt-call-smartwatch/p/itm154de9c057efc,1,0.184,0.197,2,4.1
Amazon,electronics,"Lava Bold N2 5G (Regal Gold, 4GB RAM, 128GB Storage) | 6000 mAh Super Battery | Octacore Ultrafast Processor | Biggest 6.75 (HD+) 120Hz Display | IP64 Dust & Water Resistant | Free Service @ Home",14499.0,17499.0,17.0,4.0,179,179,,Third-party,free delivery,3.0,1,1,,0,,0,0,,,1,,1,0.034,1.0,0,4.6
Amazon,electronics,"Lava Bold N2 (Siachen White, 4 GB RAM, 64 GB Storage) | 13MP AI Dual Rear Camera | Largest 6.75"" HD+ Display | 5000 mAh Battery & 10W Charging | IP64 Water & Dust Proof | Charger & Phone-Case in Box",9999.0,12999.0,23.0,3.7,605,605,,Third-party,free delivery,3.0,1,1,,0,,0,0,,,1,,1,0.06,1.0,0,4.48
Amazon,electronics,"Poco C85x 5G Smartphone, Sunset Gold, 6.9 Inch Display, 32MP Dual AI Camera, 6300mAh Battery, 64GB Storage",14091.0,20999.0,33.0,3.5,208,208,,Third-party,free delivery,3.0,1,0,,0,,0,0,,,1,,0,0.099,1.0,0,4.9
Amazon,electronics,"Samsung Galaxy M07 Mobile (Black, 4GB RAM, 64GB Storage) | MediaTek Helio G99 | AnTuTu 624K | IP54| 50MP Camera | 7.6mm Slim | 5000mAh Battery | 25W Fast Charging | 6 Gen OS Upgrades | Without Charger",11999.0,11999.0,0.0,4.2,23,23,,Third-party,free delivery,3.0,1,0,Best Seller,1,,0,0,,,1,,1,0.0,1.0,0,4.816
Amazon,electronics,"Lava Bold N2 Lite (Kolar Gold, 3 GB RAM, 64 GB Storage) | 6.75"" HD+ Display | 13MP AI Dual Rear Camera | 5000 mAh Battery | Secure Face Unlock | Fingerprint Reader | Charger & Phone-Cover in Box",9299.0,11499.0,19.0,3.7,197,197,,Third-party,free delivery,3.0,1,1,,0,,0,0,,,1,,1,0.049,1.0,0,4.48
Amazon,electronics,"REDMI A7 Pro 5G (Mist Blue, 4GB RAM, 64GB Storage) | Segment's Fastest Processor | Segment's Largest Battery | Segment's Largest & Smoothest 6.9in 120Hz Display",14999.0,26999.0,44.0,3.4,21,21,,Third-party,free delivery,3.0,1,0,,0,,0,0,,,1,,0,0.141,1.0,0,4.478
Amazon,electronics,"Motorola G06 (Tapestry, 4GB RAM, 64GB Storage)",13119.0,13999.0,6.0,3.7,255,255,,Third-party,free delivery,3.0,1,0,,0,,0,0,,,1,,0,0.016,1.0,0,4.98
Amazon,electronics,"REDMI A7 Pro 5G (Black, 4GB RAM, 64GB Storage) | Segment's Fastest Processor | Segment's Largest Battery | Segment's Largest & Smoothest 6.9in 120Hz Display",14999.0,26999.0,44.0,3.4,21,21,,Third-party,free delivery,3.0,1,0,,0,,0,0,,,1,,0,0.141,1.0,0,4.478
Amazon,electronics,realme C71 4G Smartphone 4+64GB Black,13699.0,13999.0,2.0,4.4,543,543,,Third-party,free delivery,3.0,1,0,,0,,0,0,,,1,,0,0.002,1.0,0,5.26
Amazon,electronics,Peace Nova17 PRO 5G 6GB/64GB Smartphone (Orange),8988.0,15999.0,44.0,0.0,0,0,,Third-party,free delivery,3.0,1,0,,0,,0,0,,,1,,0,0.44,0.0,0,1.5
Amazon,electronics,"REDMI A7 Pro 4G (Black, 4GB RAM, 64GB Storage) | Segment's Slimmest Smartphone | Segment's Largest 6300mAh Battery | Segment's Largest 17.53cm and Smoothest 120Hz Display | Charger in the Box",12757.0,26999.0,53.0,3.5,125,125,,Third-party,free delivery,3.0,1,0,,0,,0,0,,,1,,0,0.159,1.0,0,4.867
Amazon,electronics,"Motorola G06 Power (Pantone Laurel Oak, 4GB RAM, 64GB Storage) | 6.88"" 120Hz Display | 50MP Camera | Helio G81 Ultra Processor | 7000mAh Battery | Android 15",13500.0,13999.0,4.0,3.7,243,243,,Third-party,free delivery,3.0,1,0,,0,,0,0,,,1,,0,0.01,1.0,0,4.98
Amazon,electronics,"Samsung Galaxy F07 (Green, 64 GB) (4 GB RAM)",11900.0,11999.0,1.0,3.9,510,510,,Third-party,free delivery,3.0,1,0,,0,,0,0,,,1,,0,0.002,1.0,0,5.06
Amazon,electronics,"Samsung Galaxy A07 LTE (Green, 4GB RAM, 64GB Storage) | 50MP Dual Camera | 6.7 Inch HD+ Display | 90Hz Refresh Rate | MediaTek Helio G99 (6nm) | IP54 | 6 Gen OS Upgrade and Security Update",12968.0,17999.0,28.0,4.2,56,56,,Third-party,free delivery,3.0,1,0,,0,,0,0,,,1,,0,0.045,1.0,0,4.989
Amazon,electronics,realme C71 4G Smartphone 4GB+64GB Black,12599.0,13999.0,10.0,3.5,13,13,,Third-party,free delivery,3.0,1,0,,0,,0,0,,,1,,0,0.03,1.0,0,4.428
Amazon,electronics,Samsung Galaxy F07 Smartphone |6.7-inch HD+ Display | 50MP + 2MP Dual Rear Camera | 8MP Front Camera | 5000mAh Battery | Helio G99 Processor | Expandable Storage up to 2TB,12999.0,16999.0,24.0,3.5,14,14,,Third-party,free delivery,3.0,1,0,,0,,0,0,,,1,,0,0.072,1.0,0,4.442
Amazon,electronics,"Lava Bold N4 Lite (Empire Gold, 3GB RAM, 32GB Storage) | 6.56"" qHD Display | 8MP Rear Camera | 5000 mAh Battery | Free Service @ Home | Fingerprint Reader | Charger & Phone-Cover in Box",8299.0,9999.0,17.0,5.0,3,3,,Third-party,free delivery,3.0,1,0,,0,,0,0,,,1,,0,0.0,1.0,0,4.777
Amazon,electronics,"Lava Bold N2 (Indus Black, 4 GB RAM, 64 GB Storage) | 13MP AI Dual Rear Camera | Largest 6.75"" HD+ Display | 5000 mAh Battery & 10W Charging | IP64 Water & Dust Proof | Charger & Phone-Case in Box",9999.0,12999.0,23.0,3.7,605,605,,Third-party,free delivery,3.0,1,0,,0,,0,0,,,1,,0,0.06,1.0,0,4.98
Amazon,electronics,"Samsung Galaxy F06 5G, Bahama Blue (4GB, 128GB)",15890.0,15890.0,0.0,4.0,1,1,,Third-party,free delivery,3.0,1,0,,0,,0,0,,,1,,0,0.0,1.0,0,4.239
Amazon,electronics,realme C71 4G Smartphone 4GB+64GB Blue,12599.0,19999.0,37.0,3.5,13,13,,Third-party,free delivery,3.0,1,0,,0,,0,0,,,1,,0,0.111,1.0,0,4.428
Amazon,electronics,"vivo Y05 (Mystic Blue, 4GB RAM, 64GB Storage) with No Cost EMI/Additional Exchange Offers",14999.0,34999.0,57.0,3.8,51,51,,Third-party,free delivery,3.0,1,0,,0,,0,0,,,1,,0,0.137,1.0,0,4.81
Amazon,electronics,"Itel Zeno 200 (Nightly Blue, 4 GB RAM, 128 GB Storage) | 6.75"" HD+ Display | 120 Hz Refresh Rate | IP65 Dust & Water Resistance | 13 MP Camera | 5000 mAh Battery | Charger in Box",9999.0,13999.0,29.0,3.5,125,125,,Third-party,free delivery,3.0,1,0,,0,,0,0,,,1,,0,0.087,1.0,0,4.867
Amazon,electronics,"POCO C71, Power Black (4GB, 64GB)",12290.0,12999.0,5.0,4.0,329,329,,Third-party,free delivery,3.0,1,0,,0,only 1 left in stock; only 1 left,1,0,,,1,,1,0.01,1.0,3,5.1
Amazon,electronics,"Lava Bold N2 5G (Regal Gold, 4GB RAM, 64GB Storage) | 6000 mAh Super Battery | Octacore Ultrafast Processor | Biggest 6.75 (HD+) 120Hz Display | IP64 Dust & Water Resistant | Free Service @ Home",13499.0,15999.0,16.0,4.0,179,179,,Third-party,free delivery,3.0,1,0,,0,,0,0,,,1,,0,0.032,1.0,0,5.1
Amazon,electronics,realme C71 4G Smartphone 4+64GB Blue,13699.0,13999.0,2.0,4.4,543,543,,Third-party,free delivery,3.0,1,0,,0,,0,0,,,1,,0,0.002,1.0,0,5.26
Amazon,electronics,Peace SC26 PRO 5G 6GB/64GB Smartphone (Orange),8988.0,14999.0,40.0,0.0,0,0,,Third-party,free delivery,3.0,1,0,,0,,0,0,,,1,,0,0.4,0.0,0,1.5
Amazon,electronics,"Lava Virat V1 64GB Smartphone, Android 15 Go, 4GB RAM, UNISOC 9863a Octa-Core, 6.75 Inch HD+ Display, 720x1600, 90Hz (Nilgiri Blue)",9944.0,12999.0,24.0,0.0,0,0,,Third-party,free delivery,3.0,1,0,,0,,0,0,,,1,,0,0.24,0.0,0,1.5
Amazon,electronics,"Motorola G45 5G (Viva Magenta, 8GB RAM, 128GB Storage)",12414.0,12414.0,0.0,4.2,14,14,,Third-party,,3.0,0,0,,0,,0,0,,,1,,0,0.0,1.0,0,4.722
Amazon,electronics,"Lava Bold N2 Lite (Nilgiri Blue, 3 GB RAM, 64 GB Storage) | 6.75"" HD+ Display | 13MP AI Dual Rear Camera | 5000 mAh Battery | Secure Face Unlock | Fingerprint Reader | Charger & Phone-Cover in Box",9299.0,11499.0,19.0,3.7,197,197,,Third-party,free delivery,3.0,1,0,,0,,0,0,,,1,,0,0.049,1.0,0,4.98
Amazon,electronics,"POCO C81, Sunset Gold (4GB, 64GB)",11980.0,19999.0,40.0,3.0,14,14,,Third-party,free delivery,3.0,1,0,,0,,0,0,,,1,,0,0.16,1.0,0,4.242
Amazon,electronics,"realme P4 Lite Smartphone, 4GB RAM, 64GB Storage, Beach Gold",13152.0,24999.0,47.0,3.7,18,18,,Third-party,free delivery,3.0,1,0,,0,,0,0,,,1,,0,0.122,1.0,0,4.569
Amazon,electronics,PEACE Mi5 Pro Android Smartphone | 4GB RAM + 32GB Storage | 4.05-inch QHD Display | 8MP Rear Camera | 5MP Front Camera | Dual SIM 4G Volte | 2500mAh Battery | Orange,6999.0,9999.0,30.0,5.0,1,1,,Third-party,free delivery,3.0,1,0,,0,,0,0,,,1,,0,0.0,1.0,0,4.639
Amazon,fashion,WROGN,1889.0,4199.0,55.0,3.4,33,33,,Third-party,free delivery,3.0,1,1,Limited Time Deal,1,,0,1,coupon,,1,,3,0.176,1.0,1,4.065
Amazon,fashion,Cruiser,949.0,2499.0,62.0,3.6,689,689,,Third-party,free delivery,3.0,1,1,Limited Time Deal,1,,0,0,,,1,,2,0.174,1.0,2,4.44
Amazon,fashion,Boldfit,899.0,4499.0,80.0,3.8,328,328,,Third-party,free delivery,3.0,1,1,,0,,0,0,,,1,,1,0.192,1.0,2,3.52
Amazon,fashion,WROGN,1799.0,3999.0,55.0,3.2,12,12,,Third-party,free delivery,3.0,1,1,,0,only 3 left in stock; only 3 left,1,1,coupon,,1,,3,0.198,1.0,4,3.793
Amazon,fashion,Bata,499.0,699.0,29.0,3.7,76,76,,Third-party,free delivery,3.0,1,0,,0,,0,0,,,1,,0,0.075,1.0,0,4.849
Amazon,fashion,SPARX,659.0,749.0,12.0,4.1,61,61,,Third-party,free delivery,3.0,1,0,,0,,0,0,,,1,,0,0.022,1.0,0,4.965
Amazon,fashion,AADI,360.0,1999.0,82.0,3.6,541,541,,Third-party,free delivery,3.0,1,0,,0,,0,0,,,1,,0,0.23,1.0,2,3.94
Amazon,fashion,PUMA,1549.0,3999.0,61.0,3.9,101,101,,Third-party,free delivery,3.0,1,0,Limited Time Deal,1,,0,0,,,1,,1,0.134,1.0,2,4.985
Amazon,fashion,Bata,429.0,449.0,4.0,3.8,554,554,,Third-party,free delivery,3.0,1,0,,0,,0,0,,,1,,0,0.01,1.0,0,5.02
Amazon,fashion,WROGN,2015.0,4799.0,58.0,4.0,1,1,,Third-party,free delivery,3.0,1,1,Limited Time Deal,1,only 1 left in stock; only 1 left,1,1,coupon,,1,,4,0.116,1.0,4,3.739
Amazon,fashion,ASIAN,749.0,1499.0,50.0,3.9,24,24,,Third-party,free delivery,3.0,1,1,Limited Time Deal,1,,0,0,,,1,,2,0.11,1.0,0,4.204
Amazon,fashion,Centrino,749.0,2199.0,66.0,3.7,108,108,,Third-party,free delivery,3.0,1,1,Best Seller; Limited Time Deal,2,,0,0,,,1,,3,0.172,1.0,2,4.418
Amazon,fashion,Neeman's,1999.0,3699.0,46.0,3.4,586,586,,Third-party,free delivery,3.0,1,1,,0,,0,1,coupon,,1,,2,0.147,1.0,1,4.36
Amazon,fashion,Karaddi,545.0,1999.0,73.0,3.5,843,843,,Third-party,free delivery,3.0,1,1,,0,,0,0,,,1,,1,0.219,1.0,2,3.4
Amazon,fashion,ASIAN,599.0,999.0,40.0,4.0,11,11,,Third-party,free delivery,3.0,1,0,Best Seller,1,,0,0,,,1,,1,0.08,1.0,0,4.597
Amazon,fashion,Bata,599.0,799.0,25.0,3.6,190,190,,Third-party,free delivery,3.0,1,0,Limited Time Deal,1,,0,0,,,1,,1,0.07,1.0,0,4.94
Amazon,fashion,PUMA,1569.0,4499.0,65.0,4.0,5,5,,Third-party,free delivery,3.0,1,0,Best Seller,1,,0,0,,,1,,1,0.13,1.0,2,4.458
Amazon,fashion,layasa,489.0,1999.0,76.0,3.7,73,73,,Third-party,free delivery,3.0,1,0,Limited Time Deal,1,,0,0,,,1,,1,0.198,1.0,2,3.841
Amazon,fashion,Bata,1439.0,1799.0,20.0,4.0,27,27,,Third-party,free delivery,3.0,1,0,Limited Time Deal,1,,0,0,,,1,,1,0.04,1.0,0,4.766
Amazon,fashion,Centrino,899.0,2499.0,64.0,3.5,965,965,,Third-party,free delivery,3.0,1,1,,0,only 1 left in stock; only 1 left,1,0,,,1,,2,0.192,1.0,5,4.4
Amazon,fashion,ASIAN,769.0,999.0,23.0,3.7,13,13,,Third-party,free delivery,3.0,1,1,,0,,0,0,,,1,,1,0.06,1.0,0,4.008
Amazon,fashion,Bacca Bucci,999.0,2499.0,60.0,3.8,76,76,,Third-party,free delivery,3.0,1,0,Limited Time Deal,1,,0,1,coupon,,1,,2,0.144,1.0,1,4.889
Amazon,fashion,SPARX,679.0,849.0,20.0,4.1,174,174,,Third-party,free delivery,3.0,1,0,,0,,0,0,,,1,,0,0.036,1.0,0,5.14
Amazon,fashion,Campus,724.0,999.0,28.0,4.2,278,278,,Third-party,free delivery,3.0,1,0,Best Seller,1,,0,0,,,1,,1,0.045,1.0,0,5.18
Amazon,fashion,Campus,1199.0,1899.0,37.0,4.0,182,182,,Third-party,free delivery,3.0,1,0,,0,,0,0,,,1,,0,0.074,1.0,0,5.1
Amazon,fashion,ASIAN,839.0,1499.0,44.0,3.7,13,13,,Third-party,free delivery,3.0,1,0,,0,,0,0,,,1,,0,0.114,1.0,0,4.508
Amazon,fashion,Centrino,499.0,2199.0,77.0,2.9,887,887,,Third-party,free delivery,3.0,1,0,,0,,0,0,,,1,,0,0.323,1.0,2,3.66
Amazon,fashion,ASIAN,759.0,1199.0,37.0,3.8,16,16,,Third-party,free delivery,3.0,1,0,,0,,0,0,,,1,,0,0.089,1.0,0,4.587
Amazon,fashion,Bata,719.0,799.0,10.0,4.0,37,37,,Third-party,free delivery,3.0,1,0,,0,,0,0,,,1,,0,0.02,1.0,0,4.828
Amazon,fashion,SPARX,599.0,749.0,20.0,4.0,88,88,,Third-party,free delivery,3.0,1,0,,0,,0,0,,,1,,0,0.04,1.0,0,4.998
Amazon,fashion,GENERIC,259.0,999.0,74.0,3.1,365,365,,Third-party,free delivery,3.0,1,0,,0,,0,0,,,1,,0,0.281,1.0,2,3.74
Amazon,fashion,U.S. POLO ASSN.,2399.0,3599.0,33.0,4.3,13,13,,Third-party,free delivery,3.0,1,0,,0,,0,0,,,1,,0,0.046,1.0,0,4.748
Amazon,fashion,Campus,1149.0,2199.0,48.0,4.3,140,140,,Third-party,free delivery,3.0,1,0,,0,,0,0,,,1,,0,0.067,1.0,0,5.21
Amazon,fashion,Campus,1119.0,2799.0,60.0,4.1,495,495,,Third-party,free delivery,3.0,1,0,,0,,0,0,,,1,,0,0.108,1.0,0,5.14
Amazon,fashion,SPARX,1149.0,1499.0,23.0,4.1,88,88,,Third-party,free delivery,3.0,1,0,,0,,0,0,,,1,,0,0.041,1.0,0,5.038
Amazon,fashion,Campus,1319.0,2499.0,47.0,4.0,3,3,,Third-party,free delivery,3.0,1,0,,0,,0,0,,,1,,0,0.094,1.0,0,4.377
Amazon,fashion,Red Chief,1372.0,5349.0,74.0,3.8,4,4,,Third-party,free delivery,3.0,1,0,,0,,0,0,,,1,,0,0.178,1.0,2,3.342
Amazon,fashion,Bata,584.0,999.0,42.0,4.0,853,853,,Third-party,free delivery,3.0,1,0,,0,,0,0,,,1,,0,0.084,1.0,0,5.1
Amazon,fashion,Reebok,1449.0,2499.0,42.0,3.8,74,74,,Third-party,free delivery,3.0,1,0,,0,,0,0,,,1,,0,0.101,1.0,0,4.883
Amazon,fashion,Liberty,687.0,2199.0,69.0,3.8,821,821,,Third-party,free delivery,3.0,1,0,,0,,0,0,,,1,,0,0.166,1.0,2,5.02
Amazon,fashion,SPARX,849.0,1225.0,31.0,4.1,112,112,,Third-party,free delivery,3.0,1,0,,0,,0,0,,,1,,0,0.056,1.0,0,5.085
Amazon,fashion,BRUTON,499.0,2499.0,80.0,3.5,625,625,,Third-party,free delivery,3.0,1,0,,0,,0,0,,,1,,0,0.24,1.0,2,3.9
Amazon,fashion,SPARX,835.0,949.0,12.0,4.2,107,107,,Third-party,free delivery,3.0,1,0,,0,,0,0,,,1,,0,0.019,1.0,0,5.116
Amazon,fashion,Woodland,3499.0,4495.0,22.0,3.8,57,57,,Third-party,free delivery,3.0,1,0,,0,,0,0,,,1,,0,0.053,1.0,0,4.832
Amazon,fashion,Generic,499.0,1299.0,62.0,5.0,3,3,,Third-party,free delivery,3.0,1,0,,0,,0,0,,,1,,0,0.0,1.0,2,4.777
Amazon,fashion,DOCTOR EXTRA SOFT,1293.0,3999.0,68.0,4.1,579,579,,Third-party,free delivery,3.0,1,0,,0,,0,0,,,1,,0,0.122,1.0,2,5.14
Amazon,fashion,SPARX,877.0,1946.0,55.0,4.0,83,83,,Third-party,free delivery,3.0,1,0,,0,,0,0,,,1,,0,0.11,1.0,0,4.986
Amazon,fashion,Red Tape,1241.0,6899.0,82.0,3.7,7,7,,Third-party,free delivery,3.0,1,0,Limited Time Deal,1,,0,0,,,1,,1,0.213,1.0,2,3.396
Amazon,fashion,Bata,782.0,899.0,13.0,4.0,322,322,,Third-party,free delivery,3.0,1,0,,0,,0,0,,,1,,0,0.026,1.0,0,5.1
Amazon,fashion,Campus,1449.0,3299.0,56.0,4.4,603,603,,Third-party,free delivery,3.0,1,0,,0,,0,0,,,1,,0,0.067,1.0,0,5.26
Amazon,fashion,ASIAN,649.0,999.0,35.0,3.9,73,73,,Third-party,free delivery,3.0,1,0,,0,,0,0,,,1,,0,0.077,1.0,0,4.921
Amazon,fashion,U.S. POLO ASSN.,2199.0,3999.0,45.0,4.1,319,319,,Third-party,free delivery,3.0,1,0,,0,,0,0,,,1,,0,0.081,1.0,0,5.14
Amazon,fashion,Campus,999.0,1699.0,41.0,4.2,78,78,,Third-party,free delivery,3.0,1,0,,0,,0,0,,,1,,0,0.066,1.0,0,5.054
Amazon,fashion,DOCTOR EXTRA SOFT,1399.0,5999.0,77.0,4.2,25,25,,Third-party,free delivery,3.0,1,0,,0,,0,0,,,1,,0,0.123,1.0,2,3.832
Amazon,fashion,Woodland,2789.0,4495.0,38.0,4.0,23,23,,Third-party,free delivery,3.0,1,0,,0,,0,0,,,1,,0,0.076,1.0,0,4.736
Amazon,fashion,PUMA,1649.0,4499.0,63.0,3.9,12,12,,Third-party,free delivery,3.0,1,0,Limited Time Deal,1,,0,0,,,1,,1,0.139,1.0,2,4.573
Amazon,fashion,SPARX,1319.0,1449.0,9.0,4.2,60,60,,Third-party,free delivery,3.0,1,0,Limited Time Deal,1,,0,0,,,1,,1,0.014,1.0,0,5.002
Amazon,fashion,Campus,1699.0,3499.0,51.0,4.0,306,306,,Third-party,free delivery,3.0,1,0,Limited Time Deal,1,,0,1,coupon,,1,,2,0.102,1.0,1,5.1
Amazon,fashion,LE GREEM,498.0,1999.0,75.0,2.8,31,31,,Third-party,free delivery,3.0,1,1,,0,,0,0,,,1,,1,0.33,1.0,2,2.813
Amazon,fashion,LE GREEM,420.0,1999.0,79.0,3.4,11,11,,Third-party,free delivery,3.0,1,1,,0,only 1 left in stock; only 1 left,1,0,,,1,,2,0.253,1.0,5,2.857
Amazon,fashion,Bacca Bucci,1499.0,2999.0,50.0,4.0,105,105,,Third-party,free delivery,3.0,1,1,Limited Time Deal,1,,0,1,coupon,,1,,3,0.1,1.0,1,4.533
Amazon,fashion,Cruiser,999.0,2499.0,60.0,3.5,127,127,,Third-party,free delivery,3.0,1,1,Limited Time Deal,1,only 5 left in stock; only 5 left,1,0,,,1,,3,0.18,1.0,3,4.37
Amazon,fashion,Woodland,3339.0,4295.0,22.0,4.1,17,17,,Third-party,free delivery,3.0,1,0,,0,,0,0,,,1,,0,0.04,1.0,0,4.718
Amazon,fashion,Red Tape,974.0,6499.0,85.0,4.3,76,76,,Third-party,free delivery,3.0,1,0,Limited Time Deal,1,,0,0,,,1,,1,0.119,1.0,2,4.089
Amazon,fashion,Nike,5495.0,5495.0,0.0,3.5,218,218,,Third-party,free delivery,3.0,1,0,,0,,0,0,,,1,,0,0.0,1.0,0,4.9
Amazon,fashion,Skechers,2024.0,4499.0,55.0,4.1,310,310,,Third-party,free delivery,3.0,1,0,,0,,0,1,coupon,,1,,1,0.099,1.0,1,5.14
Amazon,fashion,ASIAN,629.0,1499.0,58.0,3.7,378,378,,Third-party,free delivery,3.0,1,1,Limited Time Deal,1,,0,0,,,1,,2,0.151,1.0,0,4.48
Amazon,fashion,Red Chief,1923.0,4999.0,62.0,4.0,245,245,,Third-party,free delivery,3.0,1,1,,0,,0,0,,,1,,1,0.124,1.0,2,4.6
Amazon,fashion,Skechers,3290.0,6999.0,53.0,4.3,170,170,,Third-party,free delivery,3.0,1,0,,0,,0,1,coupon,,1,,1,0.074,1.0,1,5.22
Amazon,fashion,Skechers,2594.0,4499.0,42.0,4.1,1,1,,Third-party,free delivery,3.0,1,0,,0,,0,1,coupon,,1,,1,0.076,1.0,1,4.279
Amazon,fashion,SPARX,523.0,749.0,30.0,4.0,88,88,,Third-party,free delivery,3.0,1,0,,0,,0,0,,,1,,0,0.06,1.0,0,4.998
Amazon,fashion,ASICS,3499.0,6999.0,50.0,4.0,82,82,,Third-party,free delivery,3.0,1,0,,0,,0,0,,,1,,0,0.1,1.0,0,4.984
Amazon,fashion,Red Chief,2625.0,2795.0,6.0,3.6,5,5,,Third-party,free delivery,3.0,1,1,,0,only 1 left in stock; only 1 left,1,0,,,1,,2,0.017,1.0,3,3.798
Amazon,fashion,Red Chief,3439.0,3895.0,12.0,4.1,484,484,,Third-party,free delivery,3.0,1,1,Limited Time Deal,1,,0,0,,,1,,2,0.022,1.0,0,4.64
Amazon,fashion,Bacca Bucci,1599.0,3499.0,54.0,3.5,82,82,,Third-party,free delivery,3.0,1,1,,0,,0,1,coupon,,1,,2,0.162,1.0,1,4.284
Amazon,fashion,Bacca Bucci,1798.0,3999.0,55.0,3.8,127,127,,Third-party,free delivery,3.0,1,1,Limited Time Deal,1,,0,1,coupon,,1,,3,0.132,1.0,1,4.49
Amazon,fashion,Red Chief,1585.0,5449.0,71.0,3.5,847,847,,Third-party,free delivery,3.0,1,1,Best Seller,1,,0,0,,,1,,2,0.213,1.0,2,3.4
Amazon,fashion,Skechers,2039.0,3999.0,49.0,4.0,11,11,,Third-party,free delivery,3.0,1,0,,0,,0,1,coupon,,1,,1,0.098,1.0,1,4.597
Amazon,fashion,Campus,1144.0,2199.0,48.0,4.3,140,140,,Third-party,free delivery,3.0,1,0,,0,,0,0,,,1,,0,0.067,1.0,0,5.21
Amazon,fashion,U.S. POLO ASSN.,2879.0,4799.0,40.0,4.1,142,142,,Third-party,free delivery,3.0,1,0,,0,,0,0,,,1,,0,0.072,1.0,0,5.133
Amazon,fashion,LE GREEM,497.0,1999.0,75.0,3.4,11,11,,Third-party,free delivery,3.0,1,0,,0,,0,0,,,1,,0,0.24,1.0,2,3.357
Amazon,fashion,SPARX,974.0,1499.0,35.0,3.2,3,3,,Third-party,free delivery,3.0,1,0,,0,,0,0,,,1,,0,0.126,1.0,0,4.057
Amazon,fashion,Skechers,2700.0,5999.0,55.0,4.1,16,16,,Third-party,free delivery,3.0,1,0,,0,,0,1,coupon,,1,,1,0.099,1.0,1,4.707
Amazon,fashion,Campus,1269.0,2899.0,56.0,4.0,11,11,,Third-party,free delivery,3.0,1,0,,0,,0,0,,,1,,0,0.112,1.0,0,4.597
Amazon,fashion,SPARX,824.0,1099.0,25.0,4.0,5,5,,Third-party,free delivery,3.0,1,0,,0,,0,0,,,1,,0,0.05,1.0,0,4.458
Amazon,fashion,Campus,1399.0,2199.0,36.0,4.1,865,865,,Third-party,free delivery,3.0,1,0,,0,,0,0,,,1,,0,0.065,1.0,0,5.14
Amazon,fashion,Campus,799.0,999.0,20.0,4.2,1,1,,Third-party,free delivery,3.0,1,0,,0,,0,0,,,1,,0,0.032,1.0,0,4.319
Amazon,fashion,Bacca Bucci,1698.0,2999.0,43.0,4.3,347,347,,Third-party,free delivery,3.0,1,0,,0,,0,1,coupon,,1,,1,0.06,1.0,1,5.22
Amazon,fashion,AADI,480.0,1999.0,76.0,3.8,22,22,,Third-party,free delivery,3.0,1,0,,0,,0,0,,,1,,0,0.182,1.0,2,3.647
Amazon,fashion,ATHCO,799.0,5999.0,87.0,4.2,12,12,,Third-party,free delivery,3.0,1,0,,0,,0,0,,,1,,0,0.139,1.0,2,3.693
Amazon,fashion,Campus,1599.0,3999.0,60.0,4.1,142,142,,Third-party,free delivery,3.0,1,0,,0,,0,0,,,1,,0,0.108,1.0,0,5.133
Amazon,fashion,Centrino,849.0,2199.0,61.0,3.6,131,131,,Third-party,free delivery,3.0,1,0,,0,,0,0,,,1,,0,0.171,1.0,2,4.917
Amazon,fashion,SPARX,843.0,1125.0,25.0,4.1,148,148,,Third-party,free delivery,3.0,1,0,,0,,0,0,,,1,,0,0.045,1.0,0,5.14
Amazon,fashion,Bacca Bucci,998.0,2499.0,60.0,3.9,53,53,,Third-party,free delivery,3.0,1,0,,0,,0,1,coupon,,1,,1,0.132,1.0,1,4.858
Amazon,fashion,SPARX,891.0,1099.0,19.0,4.2,18,18,,Third-party,free delivery,3.0,1,0,,0,,0,0,,,1,,0,0.03,1.0,0,4.769
Amazon,fashion,Woodland,1649.0,3295.0,50.0,4.2,13,13,,Third-party,free delivery,3.0,1,0,,0,,0,0,,,1,,0,0.08,1.0,0,4.708
Amazon,fashion,SPARX,779.0,925.0,16.0,3.7,411,411,,Third-party,free delivery,3.0,1,0,,0,,0,0,,,1,,0,0.042,1.0,0,4.98
Amazon,fashion,Bata,557.0,899.0,38.0,3.9,15,15,,Third-party,free delivery,3.0,1,0,,0,,0,0,,,1,,0,0.084,1.0,0,4.615
Amazon,fashion,ASIAN,969.0,999.0,3.0,3.7,45,45,,Third-party,free delivery,3.0,1,0,,0,,0,0,,,1,,0,0.008,1.0,0,4.746
Amazon,fashion,Campus,1499.0,3299.0,55.0,4.4,603,603,,Third-party,free delivery,3.0,1,0,,0,,0,0,,,1,,0,0.066,1.0,0,5.26
Amazon,fashion,Campus,1249.0,1999.0,38.0,4.2,271,271,,Third-party,free delivery,3.0,1,0,,0,,0,0,,,1,,0,0.061,1.0,0,5.18
Amazon,fashion,PUMA,2499.0,6499.0,62.0,4.2,56,56,,Third-party,free delivery,3.0,1,0,Limited Time Deal,1,,0,0,,,1,,1,0.099,1.0,2,4.989
Amazon,fashion,Campus,1194.0,2999.0,60.0,4.3,102,102,,Third-party,free delivery,3.0,1,0,,0,,0,1,coupon,,1,,1,0.084,1.0,1,5.147
Amazon,fashion,Campus,1299.0,2299.0,43.0,4.0,71,71,,Third-party,free delivery,3.0,1,0,,0,,0,0,,,1,,0,0.086,1.0,0,4.955
Amazon,fashion,PUMA,2398.0,5999.0,60.0,4.0,13,13,,Third-party,free delivery,3.0,1,0,Limited Time Deal,1,,0,0,,,1,,1,0.12,1.0,0,4.628
Amazon,audio,"boAt Rockerz 421, 60H Battery, Low Latency(40Ms), 40Mm Drivers, ENx Tech, Stream Ad Free Music via App Support, Bluetooth Headphones, Wireless Over Ear Headphone with Mic (Sage Green)",1499.0,2490.0,40.0,4.0,24,24,,Third-party,free delivery,3.0,1,1,,0,,0,0,,,1,,1,0.08,1.0,0,4.244
Amazon,audio,"boAt Rockerz 512 ANC,(~40dB) Hybrid ANC, 80H Battery, 40mm Drivers, 40ms Low Latency, ENx Tech, App Support, Bluetooth Headphones, Wireless Headphone with Mic (Cosmic Black)",3099.0,7990.0,61.0,4.2,316,316,,Third-party,free delivery,3.0,1,1,,0,,0,0,,,1,,1,0.098,1.0,2,4.68
Amazon,audio,"boAt Rockerz 371, 40mm Drivers, 50hrs Battery, 60ms Low Latency, ENx Tech, BT v5.4, Foldable Cups, Voice Assistant, Bluetooth Headphones, Wireless Headphone with Mic (Sage Green)",1099.0,2999.0,63.0,4.0,828,828,,Third-party,free delivery,3.0,1,0,,0,,0,0,,,1,,0,0.126,1.0,2,5.1
Amazon,audio,"boAt Rockerz 255 Pro+, 60H Battery, Fast Charge, IPX7, Dual Pair,Low Latency,Magnetic Buds, App Support, in Ear Wireless Bluetooth Neckband with Mic Earphones (Active Black)",1199.0,3990.0,70.0,4.0,2,2,,Third-party,free delivery,3.0,1,0,,0,,0,0,,,1,,0,0.14,1.0,2,4.32
Amazon,audio,"JBL Tune 520BT Wireless On Ear Headphones with Mic, Upto 57H Battery, Speed Charge : 5 Min Charge Gives Up to 3H of Playback, Multipoint Connect, Customizable Bass with Headphones App, BT 5.3 (Black)",3005.0,4999.0,40.0,4.0,241,241,,Third-party,free delivery,3.0,1,1,,0,,0,0,,,1,,1,0.08,1.0,0,4.6
Amazon,audio,"boAt Nirvana 751 ANC, 65Hrs Battery, Hybrid Active Noise Cancellation(~33dB), Fast Charge, Ambient Mode,Integrated Controls,Carry Pouch, Bluetooth Headphones, Wireless Headphone with Mic (Bold Blue)",2745.0,7990.0,66.0,3.9,61,61,,Third-party,free delivery,3.0,1,1,,0,,0,0,,,1,,1,0.145,1.0,2,4.385
Amazon,audio,"boAt Rockerz 113, 40H Battery, Dual Pair, Fast Charge, ENx Tech, App Support, Magnetic Buds, Bluetooth Neckband, Wireless with Mic in Ear Earphones (Ash Grey)",999.0,2490.0,60.0,4.0,13,13,,Third-party,free delivery,3.0,1,0,,0,,0,0,,,1,,0,0.12,1.0,0,4.628
Amazon,audio,"Zebronics Thunder (2026 Upgrade) Wireless Headphones, BT v6.0, True 60 hrs Playback, 40mm Drivers, ENC, Gaming Mode, Dual Pairing, AUX & microSD, Rapid Charging, Call Function (Teal Green)",749.0,1699.0,56.0,3.8,828,828,,Third-party,free delivery,3.0,1,0,Best Seller; Limited Time Deal,2,,0,0,,,1,,2,0.134,1.0,0,5.02
Amazon,audio,"Noise Airwave Max 3 Bluetooth On Ear Headphones with 70H Playtime, 40mm Driver, Low Latency(up to 45ms),Dual Pairing, BT v5.3 (Dark Brown)",1799.0,5499.0,67.0,3.6,39,39,,Third-party,free delivery,3.0,1,1,,0,,0,0,,,1,,1,0.188,1.0,2,4.178
Amazon,audio,"boAt Rockerz 650 Pro, Touch/Swipe Controls, Dolby Audio, 80Hrs Battery, 2Mics ENx, Fast Charge, App Support, Dual Pair, Bluetooth Over Ear Headphones with Mic (Iris Black)",3099.0,8990.0,66.0,4.2,44,44,,Third-party,free delivery,3.0,1,1,Limited Time Deal,1,,0,0,,,1,,2,0.106,1.0,2,4.441
Amazon,audio,"Kratos N1 Neckband Bluetooth Headphones with 30 Hours Playtime with 13mm Drivers, Rich Music Experience, Type C Fast Charging, Neckband Earphones with Voice Assistant & IPX4 Water Resistant",198.0,1199.0,83.0,3.7,654,654,,Third-party,free delivery,3.0,1,0,Limited Time Deal,1,,0,0,,,1,,1,0.216,1.0,2,3.98
Amazon,audio,"boAt Rockerz 480, RGB LEDs,6 Light Modes, 40mm Drivers,Beast Mode, 60H Battery, ENx Tech, App Support, Bluetooth Headphones, Wireless Over Ear Headphone with Mic (White Sabre)",1899.0,3790.0,50.0,4.1,47,47,,Third-party,free delivery,3.0,1,0,Limited Time Deal,1,,0,0,,,1,,1,0.09,1.0,0,4.914
Amazon,audio,"Portronics Muffs M2 Bluetooth Headphones Over Ear with Upto 40 Hrs Playtime, 40mm Dynamic Drivers, AUX 3.5mm, Powerful Bass, Laptop & PC Support,Type C Charging Port, Foldable Design(White)",869.0,2499.0,65.0,3.9,16,16,,Third-party,free delivery,3.0,1,0,,0,,0,0,,,1,,0,0.143,1.0,2,4.627
Amazon,audio,"PHILIPS TAH4050 Wireless Bluetooth Headphones with Mic, 40mm Dynamic Drivers, Bluetooth 6.0, Up to 30H Playtime, Dual Device Pairing, USB-C Fast Charging, AUX Support, Over-Ear Headset, Green",1349.0,3999.0,66.0,3.7,44,44,,Third-party,free delivery,3.0,1,0,Limited Time Deal,1,,0,0,,,1,,1,0.172,1.0,2,4.741
Amazon,audio,"Sony WH-CH520 Wireless Bluetooth Headphones On Ear with Mic, Up to 50Hrs Battery, Quick Charge, DSEE Upscale, Multipoint Connectivity, Voice Assistant, Customized EQ-Blue Model : YY2958",3989.0,5990.0,33.0,4.2,314,314,,Third-party,free delivery,3.0,1,0,,0,,0,0,,,1,,0,0.053,1.0,0,5.18
Amazon,audio,"Portronics Harmonics Z7 Bluetooth Wireless in Ear Earphones with Upto 40 Hours Playback, 10mm Dynamic Driver, Gaming Mode, High Bass, IPX4 Water and Sweat Resistant, Type C Fast Charging(Black)",535.0,1999.0,73.0,4.0,41,41,,Third-party,free delivery,3.0,1,0,,0,,0,0,,,1,,0,0.146,1.0,2,3.848
Amazon,audio,"pTron Studio w/ 60Hrs Playtime, Wireless Over-Ear Headphones with HD Mic, Dual-Device Pairing, Immersive Sound, 40mm Drivers, BT5.4, 3.5mm Aux Port, TF Card Slot & Type-C Fast Charging (Blue)",699.0,2599.0,73.0,3.8,747,747,,Third-party,free delivery,3.0,1,0,Limited Time Deal,1,,0,0,,,1,,1,0.175,1.0,2,4.02
Amazon,audio,"boAt Rockerz 411, 40Ms Low Latency, 40Hrs Battery, 40Mm Drivers, ENx Tech, App Support, Bluetooth Headphones, Wireless Over Ear Headphone with Mic (Bold Blue)",1499.0,2999.0,50.0,4.2,291,291,,Third-party,free delivery,3.0,1,0,,0,,0,0,,,1,,0,0.08,1.0,0,5.18
Amazon,audio,"P0047 Wireless Bluetooth Headphones with Deep Bass, Foldable Design, Built-in Microphone, Adjustable Headband, Noise Isolation, Stereo Sound for Mobile, Laptop & Tablet (Multicolour). (Black)",375.0,1299.0,71.0,3.7,21,21,,Third-party,free delivery,3.0,1,0,,0,,0,0,,,1,,0,0.185,1.0,2,3.598
Amazon,audio,"pTron Studio Pro w/ 65Hrs Playtime, Wireless Over Ear Headphones with HD Mic, Dual Device Pairing, TruTalk AI-ENC Calls, Low-Latency Game & Music, 40mm Drivers, BT5.4, Type-C Fast Charging (Cream)",799.0,2599.0,69.0,4.3,12,12,,Third-party,free delivery,3.0,1,0,Limited Time Deal,1,,0,0,,,1,,1,0.097,1.0,2,4.733
Amazon,audio,"boAt Rockerz Trendz, 40mm Drivers, 50hrs Battery, 60ms Low Latency, ENx Tech, BT v5.4, Foldable Cups, Voice Assistant, Bluetooth Headphones, Wireless Headphone with Mic (Black Sabre)",999.0,2999.0,67.0,3.9,323,323,,Third-party,free delivery,3.0,1,0,,0,only 1 left in stock; only 1 left,1,0,,,1,,1,0.147,1.0,5,5.06
Amazon,audio,"boAt Rockerz 512 ANC, 40Db Hybrid ANC, 80Hrs Playback, 40Mm Drivers, 40Ms Latency Beast Mode, Enx Tech, App Support, Over Ear Bluetooth Headphones, Wireless Headphone with Mic (Bold White)",3099.0,7990.0,61.0,4.2,316,316,,Third-party,free delivery,3.0,1,1,,0,,0,0,,,1,,1,0.098,1.0,2,4.68
Amazon,audio,"boAt Rockerz 421, 60H Battery, Low Latency(40Ms), 40Mm Drivers, ENx Tech, App Support, Bluetooth Headphones, Wireless Over Ear Headphone with Mic (Black Sabre)",1499.0,2490.0,40.0,4.0,24,24,,Third-party,free delivery,3.0,1,1,,0,,0,0,,,1,,1,0.08,1.0,0,4.244
Amazon,audio,"JBL Tune 510BT, On Ear Wireless Headphones with Mic, up to 40 Hours Playtime, Pure Bass, Quick Charging, Dual Pairing, Bluetooth 5.0 & Voice Assistant Support for Mobile Phones (Black)",2799.0,4449.0,37.0,4.1,262,262,,Third-party,free delivery,3.0,1,0,,0,,0,0,,,1,,0,0.067,1.0,0,5.14
Amazon,audio,"OnePlus Bullets Wireless Z3 in-Ear Neckband with 12.4mm Drivers, 3D Spatial Audio,10 mins Charge for 27 hrs Playback, 4 EQ preset, Dynamic bass Enhancement & BT5.4",1999.0,1999.0,0.0,4.1,23,23,,Third-party,free delivery,3.0,1,0,,0,,0,0,,,1,,0,0.0,1.0,0,4.776
Amazon,audio,"GOBOULT Z40 True Wireless in Ear Earbuds with 60H Playtime, Zen™ ENC Mic, Low Latency Gaming, Type-C Fast Charging, Made in India, 10mm Rich Bass Drivers, IPX5, Ear Buds TWS (Blue)",1099.0,4999.0,78.0,3.8,318,318,,Third-party,free delivery,3.0,1,1,,0,,0,0,,,1,,1,0.187,1.0,2,3.52
Amazon,audio,"boAt Rockerz Plus 550, Customizable Earcups, 100H Battery, 50mm Drivers, Dual Pair, Stream Ad Free Music via App Support, Bluetooth Headphones, Wireless Headphone with Mic (Blue Psyche)",2299.0,4990.0,54.0,4.1,665,665,,Third-party,free delivery,3.0,1,0,,0,,0,0,,,1,,0,0.097,1.0,0,5.14
Amazon,audio,"PHILIPS TAH4050 Wireless Bluetooth Headphones with Mic, 40mm Dynamic Drivers, Bluetooth 6.0, Up to 30H Playtime, Dual Device Pairing, USB-C Fast Charging, AUX Support, Over-Ear Headset, Black",1349.0,1999.0,33.0,3.7,44,44,,Third-party,free delivery,3.0,1,0,Limited Time Deal,1,,0,0,,,1,,1,0.086,1.0,0,4.741
Amazon,audio,"GOBOULT Mustang Dyno Earbuds with 60H Playtime, App Support, Dual Pairing, 4 Mics ENC, 45ms Low Latency, 13mm Drivers, Touch Controls, Made in India, IPX5 Ear Buds Wireless (Silver)",1299.0,4999.0,74.0,4.0,145,145,,Third-party,free delivery,3.0,1,1,,0,,0,0,,,1,,1,0.148,1.0,2,3.597
Amazon,audio,"GOBOULT Astra Neo Bluetooth in Ear Earbuds with 70H Playtime, 40mm Bass Driver, Zen ENC Mic, Type-C Fast Charging, 4EQ Modes, Bluetooth 5.4, Low Latency Gaming, Wireless Earbuds (White)",1099.0,3499.0,69.0,3.9,19,19,,Third-party,free delivery,3.0,1,1,,0,,0,0,,,1,,1,0.152,1.0,2,4.159
Amazon,audio,"Sony WI-C100 Wireless Headphones with Customizable Equalizer for Deep Bass & 25 Hrs Battery, DSEE-Upscale, Splash Proof, 360RA, Fast Pair, in Ear Bluetooth Headset with Mic for Phone Calls (Black)",1399.0,2790.0,50.0,3.7,159,159,,Third-party,free delivery,3.0,1,0,,0,only 1 left in stock; only 1 left,1,0,,,1,,1,0.13,1.0,3,4.98
Amazon,audio,"pTron Bassbuds Eon in-Ear TWS Earbuds w/ 13mm Drivers, 45Hrs Playtime, Dual HD Mic & TruTalk AI-ENC Calls, Custom EQ,Mobile App, Bluetooth v6.0 Headphones,Voice Assist., Type C Charging & IPX5 (Peach)",649.0,1999.0,68.0,4.5,25,25,,Third-party,free delivery,3.0,1,0,Limited Time Deal,1,,0,0,,,1,,1,0.068,1.0,2,4.952
Amazon,audio,"GOBOULT Soniq Over Ear Bluetooth Headphones with 70H Playtime, 40mm Bass Drivers, Zen™ ENC Mic, Type-C Fast Charging, Dual Pairing, AUX, Wireless Headphones (White)",1999.0,5999.0,67.0,3.8,14,14,,Third-party,free delivery,3.0,1,1,,0,,0,0,,,1,,1,0.161,1.0,2,4.062
Amazon,audio,"boAt Airdopes Joy, 35Hrs Battery, Fast Charge, IWP Tech, Low Latency, 2Mic ENx, Type-C Port, v5.3 Bluetooth Earbuds, TWS Ear Buds Wireless Earphones with mic(Jet Black)",999.0,4999.0,80.0,3.7,107,107,,Third-party,free delivery,3.0,1,0,,0,,0,0,,,1,,0,0.208,1.0,2,3.916
Amazon,audio,"boAt Rockerz 245 v2 Pro, 30HRS Battery, ENx Tech, Fast Charge, Low Latency, Dual Pairing, Magnetic Buds, USB Type-C Interface & IPX5, Bluetooth Neckband, Wireless with Mic Earphones (Cool Blue)",1099.0,3490.0,69.0,4.0,149,149,,Third-party,free delivery,3.0,1,0,,0,,0,0,,,1,,0,0.138,1.0,2,5.1
Amazon,audio,Blaupunkt Newly Launched BH41 Bluetooth Wireless Over Ear Headphones I Long Playtime I 40MM Drivers I Foldable I Flexible & Light Weight I Built in Mic I TurboVolt Fast Charging,1499.0,3499.0,57.0,4.1,13,13,,Third-party,free delivery,3.0,1,0,,0,,0,0,,,1,,0,0.103,1.0,0,4.668
Amazon,audio,"Sony WH-CH720N Noise Cancellation Wireless Bluetooth Over Ear Headphones with Mic, Up to 35Hrs Battery- Pink",8929.0,14990.0,40.0,4.2,167,167,,Third-party,free delivery,3.0,1,0,,0,,0,0,,,1,,0,0.064,1.0,0,5.18
Amazon,audio,"Portronics Muffs M6 Over Ear Wireless Bluetooth Headphone with Upto 40 Hours Playtime, Dual Pairing, 40mm Driver, HD Mic, Bluetooth 5.4V, Foldable Design, Type C Fast Charging (Biege)",1149.0,2499.0,54.0,4.2,855,855,,Third-party,free delivery,3.0,1,0,,0,only 1 left in stock; only 1 left,1,0,,,1,,1,0.086,1.0,3,5.18
Amazon,audio,P47 Bluetooth Over Ear Headphones Wireless with Mic (Multicolor),299.0,1599.0,81.0,4.0,2,2,,Third-party,free delivery,3.0,1,0,,0,,0,0,,,1,,0,0.162,1.0,2,3.32
Amazon,audio,"Sennheiser Momentum 4 Headphones - Bluetooth Headset for Crystal-Clear Calls, Adaptive Noise Cancellation, 60h Battery Life, Lightweight, Brown",26990.0,34990.0,23.0,4.3,128,128,,Third-party,free delivery,3.0,1,0,,0,,0,0,,,1,,0,0.032,1.0,0,5.192
Amazon,audio,Neckband Bluetooth Headphones Upto 72 Hours Playtime ML-B211,249.0,999.0,75.0,3.6,19,19,,Third-party,free delivery,3.0,1,0,,0,,0,0,,,1,,0,0.21,1.0,2,3.539
Amazon,audio,"boAt 2025 Launch Rockerz Prime 415, 360 Spatial Audio, 120H Battery, 40mm Drivers, AI-ENx Tech, Beast Mode, ASAP Charge & App Support, Bluetooth Headphones, Wireless Headphone with Mic (White Sabre)",2099.0,3999.0,48.0,4.2,389,389,,Marketplace Fulfilled,free delivery,3.0,1,0,,0,,0,0,,,1,,0,0.077,1.0,0,5.18
Amazon,wearables,"Fire-Boltt Phoenix Pro Round Smart Watch 1.39"" HD Display with Bluetooth Calling, AI Voice Assistant, SpO2 & Heart Rate Monitor, 120+ Sports Modes, IP67 Waterproof Smartwatch for Men & Women - Brown",1299.0,11999.0,89.0,3.9,1,1,,Third-party,free delivery,3.0,1,1,,0,,0,0,,,1,,1,0.196,1.0,2,2.699
Amazon,wearables,"Fire-Boltt Brillia Smart Watch 2.02” Super AMOLED Display, Bluetooth Calling, SpO2, Heart Rate Monitor, 120+ Sports Modes, Fitness Tracker, Voice Assistant, Smart Watch for Man & Women",1999.0,18999.0,89.0,4.0,225,225,,Third-party,free delivery,3.0,1,1,,0,,0,0,,,1,,1,0.178,1.0,2,3.6
Amazon,wearables,"boAt Wave Call 3 Smartwatch 1.83” HD Display with Animated Watch Faces; BT Calling, Functional Crown, Multiple Sports Modes, IP68, HR, SpO2 Monitor, Smart Watches for Men & Women (Bold Black)",1399.0,6999.0,80.0,4.1,267,267,,Third-party,free delivery,3.0,1,0,,0,,0,0,,,1,,0,0.144,1.0,2,4.14
Amazon,wearables,"Noise Twist Go Round dial Smartwatch with BT Calling, 1.39"" Display, Metal Build, 100+ Watch Faces, IP68, Sleep Tracking, 100+ Sports Modes, 24/7 Heart Rate Monitoring (Elite Black)",1999.0,5999.0,67.0,4.0,564,564,,Third-party,free delivery,3.0,1,0,Best Seller,1,,0,0,,,1,,1,0.134,1.0,2,5.1
Amazon,wearables,"Fire-Boltt Phoenix Nova Smartwatch 1.43” Slim Super AMOLED Display, 466x466 Pixel Always-On Display, Bluetooth Calling, Health Tracker for Men & Women Mist Jade",1399.0,1399.0,93.0,3.7,28,28,,Third-party,free delivery,3.0,1,1,,0,,0,0,,,1,,1,0.242,1.0,2,3.153
Amazon,wearables,"GOBOULT Newly Launched Tuff Hawk Smart Watch 1.39'' HD Display, BT Calling, Working Crown, 150+Watchfaces, 450 Nits Brightness, AI Voice Assistant, SpO2 Monitoring (Green) (Green)",1599.0,6999.0,77.0,3.8,481,481,,Third-party,free delivery,3.0,1,1,,0,,0,0,,,1,,1,0.185,1.0,2,3.52
Amazon,wearables,"Fire-Boltt Ninja Call Pro Max Bluetooth Calling Smart Watch, 2.01"" HD Display, 120+ Sports Modes, Health Suite, AI Voice Assistance, SpO2 & Heart Rate Monitor Smartwatch for Men & Women - Grey",1399.0,1399.0,91.0,3.9,13,13,,Third-party,free delivery,3.0,1,0,,0,,0,0,,,1,,0,0.2,1.0,2,3.588
Amazon,wearables,"boAt Lunar Discovery Neo, 1.39"" (3.5 cm) Round HD Display, Premium Metallic Finish, Animated Watchfaces, 100+ Sports Mode, Bluetooth Calling, Smart Watch for Men & Women (Active Black)",1299.0,6999.0,81.0,4.0,217,217,,Third-party,free delivery,3.0,1,0,,0,,0,0,,,1,,0,0.162,1.0,2,4.1
Amazon,wearables,"GOBOULT Crown R Pro Smart Watch 1.43''HD AMOLED, Working Crown, Zinc Alloy Frame, 600 Nits Brightness, AI Voice Assistant, SpO2 Monitoring, 120+ Sports Mode (Chrome)",2499.0,6999.0,64.0,4.0,775,775,,Third-party,free delivery,3.0,1,1,,0,,0,0,,,1,,1,0.128,1.0,2,4.6
Amazon,wearables,"Noise Pulse 4 Max Smart Watch with AI Create (India's 1st Ever with Unlimited Watch Faces), AI Search, 1.96"" AMOLED Display, Functional Crown, Premium Metallic Finish, Health Suite (Elite Black)",2799.0,4999.0,44.0,4.0,855,855,,Third-party,free delivery,3.0,1,1,,0,,0,0,,,1,,1,0.088,1.0,0,4.6
Amazon,wearables,"Fire‑Boltt Rise Smart Watch 1.85″ HD Display with Bluetooth Calling, AI Voice Assistant, Rotating Crown,SpO2 & Heart Rate Monitor, 120+ Sports Modes,IP67 Waterproof Smart Watch for Men & Women - Black",1499.0,11999.0,88.0,3.9,428,428,,Third-party,free delivery,3.0,1,0,,0,,0,0,,,1,,0,0.194,1.0,2,4.06
Amazon,wearables,"Fire-Boltt Talk Ultra 1.39"" Round Display Stainless Steel Luxury Smart Watch, Bluetooth Calling & 360 Health Monitoring, 123 Sports Modes, Inbuilt Voice Assistant (Black Dual)",1099.0,1099.0,93.0,3.7,936,936,,Third-party,free delivery,3.0,1,0,,0,,0,0,,,1,,0,0.242,1.0,2,3.98
Amazon,wearables,"1.83"" AMOLED Bluetooth Calling Smartwatch, Black",499.0,499.0,92.0,0.0,0,0,,Third-party,free delivery,3.0,1,0,,0,,0,0,,,1,,0,0.92,0.0,2,0.5
Amazon,wearables,"Noise Pulse 2 Max 1.85"" Display, Bluetooth Calling Smart Watch, 10 Days Battery, 550 NITS Brightness, Smart DND, 100 Sports Modes, Smartwatch for Men and Women (Jet Black)",1499.0,5999.0,75.0,4.0,264,264,,Third-party,free delivery,3.0,1,0,,0,,0,0,,,1,,0,0.15,1.0,2,4.1
Amazon,wearables,"Fire-Boltt Ninja X Ring Smart Watch with 1.96” Large Display, Bluetooth Calling, Wireless Charging, AI Voice Assistant, 500+ Watch Faces, Health Suite, Smart Watch for Man & Woman",1199.0,9999.0,88.0,4.1,189,189,,Third-party,free delivery,3.0,1,0,,0,,0,0,,,1,,0,0.158,1.0,2,4.14
Amazon,wearables,"Fastrack Volt S1 Smart Watch for Man and Women Latest with 1.83"" Display, Silicone Strap, BT Calling, 100+ Sports Modes, Heart Rate, SpO2, IP68, Ideal Smartwatch for Boys and Girls (Blue)",1599.0,2995.0,47.0,4.1,613,613,,Third-party,free delivery,3.0,1,0,,0,only 2 left in stock; only 2 left,1,0,,,1,,1,0.085,1.0,3,5.14
Amazon,wearables,"Fire-Boltt Ninja Phantom Smart Watch 1.83” Display, Transparent Clear Body Design, Bluetooth Calling, 120+ Sports Modes, Voice Assistant, AI Outfit Watch Face Smartwatch for Men & Women Stealth Navy",999.0,999.0,95.0,3.7,18,18,,Third-party,free delivery,3.0,1,0,,0,,0,0,,,1,,0,0.247,1.0,2,3.569
Amazon,wearables,"Fire-Boltt Axiom Round Smart Watch 1.43"" Super AMOLED Display with Always-On Mode, Bluetooth Calling, Rotating Crown, SPO2 & Heart Rate Monitor, IP67 Waterproof Silicone Smartwatch for Men - White",1999.0,18999.0,89.0,3.9,406,406,,Third-party,free delivery,3.0,1,0,,0,,0,0,,,1,,0,0.196,1.0,2,4.06
Amazon,wearables,"Fastrack Jupitor R2 Smart Watch, 1.38” TFT Display, 240 * 240 Pixel Resolution, SingleSync BT Calling, AI Voice Assistant, 100+ Sports Modes & Smartwatch Faces,Upto 5 Day Battery, IP68 (Black)",1799.0,3999.0,55.0,4.0,435,435,,Third-party,free delivery,3.0,1,0,,0,,0,0,,,1,,0,0.11,1.0,0,5.1
Amazon,wearables,"Fire-Boltt Rise Luxe Bluetooth Calling Smart Watch, 1.85”HD Display,AI Outfit Watch Face, 2 Looks in 1 Watch, Extra Straps at ₹99, 120+ Sports Modes, Metal Smartwatch for Men & Women (Rose Gold)",1099.0,1099.0,93.0,3.6,147,147,,Third-party,free delivery,3.0,1,0,,0,,0,0,,,1,,0,0.26,1.0,2,3.939
Amazon,wearables,"Bouncefit M I D18 Round Fitness Band Smart Watch for Men, Women, Boys, Girls, Kids – Single Touch Interface, Water Resistant, Workout Modes, Quick Charge Sports Smartwatch – Black (GG)",299.0,2990.0,90.0,2.5,167,167,,Third-party,free delivery,3.0,1,0,,0,,0,0,,,1,,0,0.45,1.0,2,3.5
Amazon,wearables,"Fastrack New Limitless X2 Smart Watch, 1.91"" UltraVU with Rotating Crown, 60 Hz Refresh Rate, Advanced Chipset, SingleSync BT Calling, 100+ Sports Mode & Smartwatch Faces, IP68, (Black)",1699.0,1699.0,0.0,4.0,26,26,,Third-party,free delivery,3.0,1,0,,0,,0,0,,,1,,0,0.0,1.0,0,4.759
Amazon,wearables,"Titan ZEAL 2.0 Smartwatch with 1.85” AMOLED Display,60Hz Refresh Rate,Infinite AI Watch Faces,AI Chat,AI Voice assistant,Smart Hydration,Multiple Menu Styles,QR Hub​,100+ Multisports,BT Calling- Black",4999.0,4999.0,0.0,3.6,5,5,,Third-party,free delivery,3.0,1,1,,0,,0,0,,,1,,1,0.0,1.0,0,3.798
Amazon,wearables,"Bluetooth Calling Smart Watch with HD Display, Fitness Tracking, Heart Rate & Sleep Monitor for Android & iOS",599.0,1999.0,70.0,5.0,1,1,,Third-party,free delivery,3.0,1,0,,0,,0,0,,,1,,0,0.0,1.0,2,4.639
Amazon,wearables,"Noise Pulse 4 Max India's 1st Ever AI Create Smart Watch, AI Search, 1.96"" AMOLED Display, Functional Crown, Premium Metallic Finish, BT Calling, 7 Menu Styles, Health Suiteᵀᴹ (Midnight Gold)",2499.0,6999.0,64.0,4.0,855,855,,Third-party,free delivery,3.0,1,0,,0,,0,0,,,1,,0,0.128,1.0,2,5.1
Amazon,wearables,"Fire-Boltt Talk Bluetooth Calling Smartwatch, 1.39"" TFT Display with Dual Button, Hands On Voice Assistance, 120 Sports Modes, in Built Mic & Speaker (Talk, Wine)",999.0,999.0,92.0,3.8,329,329,,Third-party,free delivery,3.0,1,1,,0,,0,0,,,1,,1,0.221,1.0,2,3.52
Amazon,wearables,"MARVIK Smart Watch for Kids, Men, Boys, Girls, and Women, D20 Plus 2025, Latest for Android and iOS Phones, IP68 Waterproof with Daily Activity Tracker, Heart Rate Sensor, Sleep Monitor Watch - Black",399.0,999.0,60.0,2.8,17,17,,Third-party,free delivery,3.0,1,0,,0,,0,0,,,1,,0,0.264,1.0,0,4.198
Amazon,wearables,"CrossBeats Everest 2.0 | Latest 2026 Smart Watch for man | 1.43"" AMOLED Always ON Display Bluetooth Calling Rugged Outdoor Smartwatch | Upto 15 Days Battery Life 100+ Sports Mode Flash Light (Black)",3499.0,9999.0,65.0,4.1,643,643,,Third-party,free delivery,3.0,1,0,,0,,0,0,,,1,,0,0.117,1.0,2,5.14
Amazon,wearables,"Fire-Boltt Ninja Call Pro Max Nyluxe Smart Watch 2.01"" with Bluetooth Calling, Voice Assistance, SpO2 & Heart Rate Monitor, 120+ Sports Modes, IP67 Waterproof, Smart Watch for Men & Women - Beige",1199.0,1199.0,92.0,3.5,67,67,,Third-party,free delivery,3.0,1,1,,0,,0,0,,,1,,1,0.276,1.0,2,3.244
Amazon,wearables,"Fastrack VOX Neo Smart Watch with 1.91” Curved TFT Display, Rotary Crown, Offline Voice Commands,To-Do list, BT Calling, 24/7 Health Suite, SpO2, HRM, Sleep Tracking, IP68 Water Resistant - Delta Clay",2399.0,2399.0,0.0,4.2,57,57,,Third-party,free delivery,3.0,1,1,,0,,0,0,,,1,,1,0.0,1.0,0,4.492
Amazon,wearables,"Bouncefit M I D116 Fitness Band Smart Watch for Men, Women, Boys, Girls, Kids – Single Touch Interface, Water Resistant, Workout Modes, Quick Charge Sports Smartwatch – Black I",396.0,2999.0,87.0,3.1,620,620,,Third-party,free delivery,3.0,1,0,Limited Time Deal,1,,0,0,,,1,,1,0.331,1.0,2,3.74
Amazon,wearables,"Noise ColorFit Pulse 3 with 1.96"" Biggest Display Bluetooth Calling Smart Watch, Premium Build, Auto Sport Detection & 170+ Watch Faces Smartwatch for Men & Women - Midnight Black",1499.0,6999.0,79.0,3.9,56,56,,Third-party,free delivery,3.0,1,0,,0,,0,0,,,1,,0,0.174,1.0,2,3.869
Amazon,wearables,"Fastrack Sleek 1.32"" AMOLED 42mm Round Display Smart Watch with Silicone Strap, QR Hub, BT Calling, SPO2, Hotkey, Functional Crown, IP68 Water Resistant Upto, 5 Days Battery Life - Onyx Black",4399.0,5999.0,27.0,3.4,28,28,,Third-party,free delivery,3.0,1,1,,0,,0,0,,,1,,1,0.086,1.0,0,4.033
Amazon,wearables,"Titan Smart 4.0 Smartwatch with 1.93” AMOLED Display, Infinite AI Watch Faces, AI Voice assistant, Smart Hydration, Multiple Menu Styles, QR Hub​, 100+ Multisports, BT Calling, HRM, SpO2,Games - Black",5999.0,5999.0,0.0,3.9,87,87,,Third-party,free delivery,3.0,1,1,,0,,0,0,,,1,,1,0.0,1.0,0,4.455
Amazon,wearables,"Fastrack Astor FR2 Pro 1.43"" AMOLED Stainless Steel Smart Watch with SpO2, Heart Rate, BT Calling, Adaptive AOD, Functional Crown, AI Voice Assistant – Smartwatch for Stylish Professionals (Black)",3499.0,5499.0,36.0,4.2,18,18,,Third-party,free delivery,3.0,1,0,,0,,0,0,,,1,,0,0.058,1.0,0,4.769
Amazon,wearables,"NoiseFit Halo 1.43"" AMOLED Display, Bluetooth Calling Round Dial Smart Watch, Premium Metallic Build, Always on Display, Smart Gesture Control, 100 Sports Modes (Vintage Brown)",2999.0,7999.0,63.0,3.9,124,124,,Third-party,free delivery,3.0,1,0,,0,,0,0,,,1,,0,0.139,1.0,2,5.026
Amazon,wearables,"boAt Lunar Discovery – 2026 Edition w/ 1.39"" (3.5 cm) HD Display, Bluetooth Calling, Emergency SOS, HR, SpO2 & Sleep Tracking Smart Watch for Men & Women (Brown)",1599.0,8499.0,81.0,3.8,56,56,,Third-party,free delivery,3.0,1,0,,0,,0,0,,,1,,0,0.194,1.0,2,3.829
Amazon,wearables,"Fire-Boltt Talk Bluetooth Calling Smartwatch, 1.39"" TFT Display with Dual Button, Hands On Voice Assistance, 120 Sports Modes, in Built Mic & Speaker (Talk, Black)",1499.0,11999.0,88.0,4.0,419,419,,Third-party,free delivery,3.0,1,0,,0,,0,0,,,1,,0,0.176,1.0,2,4.1
Amazon,wearables,"Noise Pro 6 Max Smart Watch:Intelligent with Noise AI, Endless AI Watch Faces, AI Companion, 1.96” AMOLED, Stainless Steel Build, Built-in GPS, 5 ATM, EN2 Processor, for iOS & Android(Chrome Black)",7999.0,10999.0,27.0,4.0,248,248,,Third-party,free delivery,3.0,1,0,,0,,0,0,,,1,,0,0.054,1.0,0,5.1
Amazon,wearables,"Noise Twist Go Smart Watch 1.39"" Display, TruSyncᵀᴹ BT Calling, Glossy Metal Finish, 150+ Watch Faces, IP68, Sleep Tracking, 100+ Sports Modes, Smart Watch for Men and Women (Midnight Gold)",1599.0,4999.0,68.0,4.0,564,564,,Third-party,free delivery,3.0,1,0,Best Seller,1,,0,0,,,1,,1,0.136,1.0,2,5.1
Amazon,wearables,"Amazfit Bip 6 Smart Watch 46mm, 14 Day Battery, 1.97"" AMOLED Display, GPS & Free Maps, AI, Bluetooth Call & Text, Health, Fitness & Sleep Tracker, 140+ Workout Modes, 5 ATM Water-Resistance, Black",8999.0,14999.0,40.0,4.3,62,62,,Third-party,free delivery,3.0,1,0,,0,,0,0,,,1,,0,0.056,1.0,0,5.049
Amazon,wearables,"Fire-Boltt Phoenix Round Smart Watch 1.38"" HD Display with Bluetooth Calling, SpO2 & Heart Rate Monitor, 120+ Sports Modes, IP67 Waterproof, Fitness Tracker Smartwatch for Men & Women - Black",1499.0,9999.0,85.0,3.9,1,1,,Third-party,free delivery,3.0,1,0,,0,,0,0,,,1,,0,0.187,1.0,2,3.199
Amazon,wearables,"Fire-Boltt Ninja X Ring Smart Watch with 1.96” Large Display, Bluetooth Calling, Wireless Charging, AI Voice Assistant, 500+ Watch Faces, Health Suite, Smart Watch for Man & Woman – Blue S",1199.0,9999.0,88.0,4.1,189,189,,Third-party,free delivery,3.0,1,0,,0,,0,0,,,1,,0,0.158,1.0,2,4.14
Snapdeal,electronics,"Neo - 3D HD Magnifier Phone Mobile Holder Screen Expanders for Movies, Videos, and Gaming with Foldable Phone Stand and Screen Amplifier - Compatible with All Smartphones",280.0,999.0,72.0,4.2,74,14,,Third-party,Free Delivery,3.0,1,0,Great Offer,1,Limited Period Offer,1,0,,7 days return,1,https://www.snapdeal.com/product/nbox-transparent-active-3d-glasses/686764495292,2,0.115,0.189,5,4.043
Snapdeal,electronics,67W Fast Charger for MI Xiomi Redmi & other Type C Smartphones Rapid Charging with Qualcomm Quick Charge 3.0 SuperVOOC includes USB Type-C 6A Cable,326.0,1999.0,84.0,3.8,153,30,,Third-party,Free Delivery,3.0,1,0,Great Offer,1,Limited Period Offer,1,0,,7 days return,1,https://www.snapdeal.com/product/avista-usb-54a-wall-charger/650721089424,2,0.202,0.196,5,4.02
Snapdeal,electronics,"Hybite Premium Selfie Stick, Blue tooth Extendable Selfie Stick Tri pod with Led Light Wireless Remote and Portable Tri pod Stand Compatible for All iPhone and Android Smartphone",231.0,999.0,77.0,4.0,144,28,,Third-party,Free Delivery,3.0,1,0,Great Offer,1,Limited Period Offer,1,0,,7 days return,1,https://www.snapdeal.com/product/hybite-premium-selfie-stick-blue/635726749975,2,0.154,0.194,5,4.095
Snapdeal,electronics,Shop To Shop Bluetooth Selfie Flash Light ( Black ),282.0,999.0,72.0,4.1,48,9,,Third-party,Free Delivery,3.0,1,0,Great Offer; Flash Sale,2,Limited Period Offer,1,0,,7 days return,1,https://www.snapdeal.com/product/shop-to-shop-bluetooth-selfie/680524288266,3,0.13,0.188,5,3.918
Snapdeal,electronics,"Waterproof Mobile Pouch Cover for All Mobiles, Cellphone Dry Bag Compatible for iPhone, Samsung, Mi, Redmi, Oppo, VIVO, All Other Smartphones up to 6.5 inches",187.0,499.0,63.0,4.3,125,25,,Third-party,Free Delivery,3.0,1,0,,0,,0,0,,7 days return,1,https://www.snapdeal.com/product/waterproof-mobile-pouch-cover-for/674889047655,0,0.088,0.2,2,5.187
Snapdeal,electronics,"Radhe Creation Silicone Suction Cup Phone Case for All Smartphones – Strong Grip Anti-Slip Phone Holder Case – Reusable Suction Sticker Black Case for Car, Desk, Mirror & Wall (R blue- 1Pack)",119.0,299.0,60.0,5.0,147,29,,Third-party,Free Delivery,3.0,1,1,,0,,0,0,,7 days return,1,https://www.snapdeal.com/product/radhe-creation-silicone-suction-cup/621799848534,1,0.0,0.197,0,4.999
Snapdeal,electronics,THRIFTKART Card Holder Connectors for Smartphones and Tablets ( Black ),176.0,999.0,82.0,4.0,242,48,,Third-party,Free Delivery,3.0,1,0,Great Offer,1,Limited Period Offer,1,0,,7 days return,1,https://www.snapdeal.com/product/thriftkart-card-holder-connectors-for/648832160858,2,0.164,0.198,5,4.1
Snapdeal,electronics,"Universal Bike Mobile Stand Metal Body 360 Degree Rotating | Mirror Cradle Stand Full Metal Body Bike & Scooty Mobile Holder Stand for Bicycle, Motorcycle, Scooty with All Smartphones",160.0,499.0,68.0,4.2,74,14,,Third-party,Free Delivery,3.0,1,1,Great Offer,1,,0,0,,7 days return,1,https://www.snapdeal.com/product/universal-bike-mobile-stand-metal/626318451891,2,0.109,0.189,2,4.543
Snapdeal,electronics,"Hybite Premium Selfie Stick, Blue tooth Extendable Selfie Stick Tri pod with Led Light Wireless Remote and Portable Tri pod Stand Compatible for All iPhone and Android Smartphone",239.0,999.0,76.0,4.1,129,25,,Third-party,Free Delivery,3.0,1,0,Great Offer,1,Limited Period Offer,1,0,,7 days return,1,https://www.snapdeal.com/product/hybite-premium-selfie-stick-blue/638464915190,2,0.137,0.194,5,4.114
Snapdeal,electronics,Mobile Phone Stand 360° Rotation Height and Angle Adjustable Cell Phone Stand for Desk Office Foldable Desktop Phone Holder for Smartphone,163.0,899.0,82.0,3.8,213,42,,Third-party,Free Delivery,3.0,1,1,Great Offer,1,Limited Period Offer,1,0,,7 days return,1,https://www.snapdeal.com/product/mobile-phone-stand-360-rotation/677528065636,3,0.197,0.197,5,3.52
Snapdeal,electronics,"85W Fast Charger with 3-in-1 Charging Cable | Type-C, Micro USB & Lightning | Universal Quick Charging Adapter for Laptop, Smartphone, Tablet | Travel-Friendly Power Delivery Charger",397.0,999.0,60.0,4.1,90,18,,Third-party,Free Delivery,3.0,1,1,,0,,0,0,,7 days return,1,https://www.snapdeal.com/product/85w-fast-charger-with-3in1/621983231422,1,0.108,0.2,0,4.542
Snapdeal,electronics,"Hybite Premium Selfie Stick, Blue tooth Extendable Selfie Stick Tr ip od with Led Light Wireless Remote and Portable Tri pod Stand Compatible for All iPhone and Android Smartphone",239.0,999.0,76.0,4.3,168,33,,Third-party,Free Delivery,3.0,1,0,Great Offer,1,Limited Period Offer,1,0,,7 days return,1,https://www.snapdeal.com/product/hybite-premium-selfie-stick-blue/659137478056,2,0.106,0.196,5,4.22
Snapdeal,electronics,Bike Phone Mount Waterproof Cell Phone Holder 360 Rotation Motorcycle Smartphone Case Universal Bicycle Handlebar Sensitive Touch Screen Fit Below 4-7.2 Inches Smartphone,276.0,799.0,65.0,3.7,147,29,,Third-party,Free Delivery,3.0,1,0,Great Offer,1,,0,0,,7 days return,1,https://www.snapdeal.com/product/bike-phone-mount-waterproof-cell/650626329513,1,0.169,0.197,2,4.979
Snapdeal,electronics,"Foldable and Portable Tabletop Mobile Stand with Stable Base,Height and View Angle Adjustable Phone Stand,Ideal Mobile Holder for Smartphones,Tablets, Kindles",193.0,599.0,68.0,4.1,92,18,,Third-party,Free Delivery,3.0,1,1,Great Offer,1,,0,0,,7 days return,1,https://www.snapdeal.com/product/foldable-and-portable-tabletop-mobile/638022519497,2,0.122,0.196,2,4.547
Snapdeal,electronics,THRIFTKART - 12OW 3A -V8 -Fast Charging & Data Sync Cable For ALL Smartphones USB Cable | Micro USB Data Cable | Sync Quick 120w Fast Charging Cable | Charger Cable | Android V8 Cable - White,168.0,499.0,66.0,4.2,207,41,,Third-party,Free Delivery,3.0,1,0,Great Offer,1,,0,0,,7 days return,1,https://www.snapdeal.com/product/thriftkart-12ow-3a-v8-fast/639014328858,1,0.106,0.198,2,5.18
Snapdeal,electronics,Pack of 4 Wall Mounted Mobile Phone Holder Storage Case For Phones with Strong Adhesive Strips | Wall Mount Mobile Stand/Multi-Purpose Stand For Smartphones Charging,169.0,599.0,72.0,3.5,212,42,,Third-party,Free Delivery,3.0,1,1,Great Offer,1,Limited Period Offer,1,0,,7 days return,1,https://www.snapdeal.com/product/pack-of-4-wall-mounted/650608500972,3,0.216,0.198,5,3.4
Snapdeal,electronics,"3D HD Magnifier Phone Mobile Holder Screen Expanders for Movies, Videos, and Gaming with Foldable Phone Stand and Screen Amplifier - Compatible with All Smartphones",225.0,1299.0,83.0,4.0,105,21,,Third-party,Free Delivery,3.0,1,0,Great Offer,1,Limited Period Offer,1,0,,7 days return,1,https://www.snapdeal.com/product/2-pack-moisture-proof-nylon/657429539359,2,0.166,0.2,5,4.033
Snapdeal,electronics,Universal Smartphone C2 Mobile Holder,174.0,599.0,71.0,4.1,72,14,,Third-party,Free Delivery,3.0,1,0,Great Offer,1,Limited Period Offer,1,0,,7 days return,1,https://www.snapdeal.com/product/universal-smartphone-c2-mobile-holder/634947128098,2,0.128,0.194,5,3.998
Snapdeal,electronics,"U7 USB Type-C Charging Cable, Fast Charge & Data Sync, 65W-100W 5A Type-C Cable for Smartphones and Devices of All Type",262.0,999.0,74.0,4.2,107,21,,Third-party,Free Delivery,3.0,1,0,Great Offer,1,Limited Period Offer,1,0,,7 days return,1,https://www.snapdeal.com/product/u7-usb-typec-charging-cable/663965819187,2,0.118,0.196,5,4.116
Snapdeal,electronics,"Type-C to Type-C USB Cable for all Smartphones  | Data Cable (3.4A, 1M,, White)",187.0,499.0,63.0,4.1,176,35,,Third-party,Free Delivery,3.0,1,0,,0,,0,0,,7 days return,1,https://www.snapdeal.com/product/typec-to-typec-usb-cable/628639408844,0,0.113,0.199,2,5.14
Snapdeal,electronics,Universal Metal  Bike Mobile Phone Holder with USB Charger for Bike Scooty Bicycle Suitable for All Smartphones,221.0,699.0,68.0,4.1,89,17,,Third-party,Free Delivery,3.0,1,0,Great Offer,1,,0,0,,7 days return,1,https://www.snapdeal.com/product/universal-metal-bike-mobile-phone/678546486679,1,0.122,0.191,2,5.04
Snapdeal,electronics,"U7 USB Type-C 65W-100W 5A Charging Cable, Fast Charge & Data Sync, Type-C Cable for Smartphones and Devices of All Type",272.0,999.0,73.0,4.2,190,38,,Third-party,Free Delivery,3.0,1,0,Great Offer,1,Limited Period Offer,1,0,,7 days return,1,https://www.snapdeal.com/product/u7-usb-typec-65w100w-5a/656794510897,2,0.117,0.2,5,4.18
Snapdeal,electronics,"THRIFTKART - 3 in 1 Fast Charging Cable,Portable 120W Charger Cord/Wire Compatible with iOS,Type-C,Micro Phones,Car/Travel 6A Retractable Zinc Alloy Charging Data Cable,Light Emitting Diode (Multicolor)",168.0,999.0,83.0,3.8,236,47,,Third-party,Free Delivery,3.0,1,0,Great Offer,1,Limited Period Offer,1,0,,7 days return,1,https://www.snapdeal.com/product/thriftkart-3-in-1-fast/662169505637,2,0.199,0.199,5,4.02
Snapdeal,electronics,Imported 6 A Charging + Data Transfer Type C - Lightning Cable 1 Meter for iPhone  8 to 14 all variants,188.0,999.0,81.0,4.0,217,43,,Third-party,Free Delivery,3.0,1,0,Great Offer,1,Limited Period Offer,1,0,,7 days return,1,https://www.snapdeal.com/product/avista-white-5-a-lightning/623881339260,2,0.162,0.198,5,4.1
Snapdeal,electronics,Shop To Shop Bluetooth Selfie Flash Light ( Black ),268.0,999.0,73.0,3.9,155,31,,Third-party,Free Delivery,3.0,1,0,Great Offer; Flash Sale,2,Limited Period Offer,1,0,,7 days return,1,https://www.snapdeal.com/product/shop-to-shop-bluetooth-selfie/669674227803,3,0.161,0.2,5,4.06
Snapdeal,electronics,thriftkart - Multi-Purpose Mobile Charging Stand For Wall Multi Plug For Upto 7 Inch Mobile Stand For Wall Plastic Holder Universal Socket Mobile Charger Stand Holder Wall (assorted color) Wall Mount,166.0,599.0,72.0,3.9,95,19,,Third-party,Free Delivery,3.0,1,0,Great Offer,1,Limited Period Offer,1,0,,7 days return,1,https://www.snapdeal.com/product/thriftkart-multipurpose-mobile-charging-stand/620473422486,2,0.158,0.2,5,3.973
Snapdeal,electronics,"U7 44W Flash Charger, 4A Wall Charger, Support FLASH 2.0, with 120W Flash Charge Detachable Type A to C White Cable (Compatible for VI-VO and IQOO Phones)",419.0,1999.0,79.0,4.4,218,43,,Third-party,Free Delivery,3.0,1,0,Great Offer; Flash Sale,2,Limited Period Offer,1,0,,7 days return,1,https://www.snapdeal.com/product/u7-44w-flash-charger-4a/633675201279,3,0.095,0.197,5,4.26
Snapdeal,electronics,HUG PUPPY Bluetooth Selfie Flash Light ( Black ),263.0,999.0,74.0,4.1,211,42,,Third-party,Free Delivery,3.0,1,0,Great Offer; Flash Sale,2,Limited Period Offer,1,0,,7 days return,1,https://www.snapdeal.com/product/hug-puppy-bluetooth-selfie-flash/632555714587,3,0.133,0.199,5,4.14
Snapdeal,electronics,"85W Fast Charger for Laptop, Tablet & Phone | Super-Fast Type-C Power Adapter | Universal High-Speed Charging with Smart Protection | Compact & Portable Wall Charger for Travel & Office""",395.0,999.0,60.0,4.0,145,29,,Third-party,Free Delivery,3.0,1,1,,0,,0,0,,7 days return,1,https://www.snapdeal.com/product/85w-fast-charger-for-laptop/625577826741,1,0.12,0.2,0,4.597
Snapdeal,electronics,ZmiZc Aux Wire Selfie Stick ( Black ),231.0,999.0,77.0,3.7,153,30,,Third-party,Free Delivery,3.0,1,0,Great Offer,1,Limited Period Offer,1,0,,7 days return,1,https://www.snapdeal.com/product/zmizc-aux-wire-selfie-stick/641600852504,2,0.2,0.196,5,3.98
Snapdeal,electronics,"Mobile Phone Charging Stand, Multi-Functional Storage Holder, Bedside Fixed Rack, Bedroom, Office Accessories",135.0,699.0,81.0,4.4,195,39,,Third-party,Free Delivery,3.0,1,0,Great Offer,1,Limited Period Offer,1,0,,7 days return,1,https://www.snapdeal.com/product/mobile-phone-charging-stand-multifunctional/671299383574,2,0.097,0.2,5,4.26
Snapdeal,electronics,THRIFTKART None Mobile Stand for Smartphones and Tablets Assorted( MULTI COLOR ),216.0,999.0,78.0,4.0,196,39,,Third-party,Free Delivery,3.0,1,0,Great Offer,1,Limited Period Offer,1,0,,7 days return,1,https://www.snapdeal.com/product/thriftkart-none-mobile-stand-for/634233776114,2,0.156,0.199,5,4.1
Snapdeal,electronics,Hybite Mobile Phone Stand 360° Rotation Height and Angle Adjustable Cell Phone Stand for Desk Office Foldable Desktop Phone Holder for Smartphone,186.0,999.0,81.0,4.1,60,12,,Third-party,Free Delivery,3.0,1,1,Great Offer,1,Limited Period Offer,1,0,,7 days return,1,https://www.snapdeal.com/product/mobile-phone-stand-360-rotation/622500114744,3,0.146,0.2,5,3.462
Snapdeal,electronics,THRIFTKART - Braided USB to Lightning Fast Charging and Data Sync Cable Compatible for iPhone,168.0,499.0,66.0,4.1,150,30,,Third-party,Free Delivery,3.0,1,0,Great Offer,1,,0,0,,7 days return,1,https://www.snapdeal.com/product/thriftkart-braided-usb-to-lightning/668240158746,1,0.119,0.2,2,5.14
Snapdeal,electronics,"U7 USB Type-C to Type-C Charging Cable, Fast Charge & Data Sync, Fast Charging Cable for Sam-sung & I-phone Devices, Android & Others",253.0,1398.0,82.0,4.6,164,32,,Third-party,Free Delivery,3.0,1,0,Great Offer,1,Limited Period Offer,1,0,,7 days return,1,https://www.snapdeal.com/product/u7-usb-typec-to-typec/643509952276,2,0.066,0.195,5,4.34
Snapdeal,electronics,"Multi-Connector Charger Cable – 3-in-1 USB-C, Lightning, Micro USB – Ideal for Phones, Tablets & More",180.0,999.0,82.0,3.9,104,20,,Third-party,Free Delivery,3.0,1,0,Great Offer,1,Limited Period Offer,1,0,,7 days return,1,https://www.snapdeal.com/product/multiconnector-charger-cable-3in1-usbc/679620706289,2,0.18,0.192,5,3.991
Snapdeal,electronics,Five-O Tempered Glass Compatible For iPhone 13 Pro ( Pack of 1 ),202.0,799.0,75.0,4.0,113,22,,Third-party,Free Delivery,3.0,1,0,Great Offer,1,Limited Period Offer,1,0,,7 days return,1,https://www.snapdeal.com/product/fiveo-tempered-glass-compatible-for/631218795780,2,0.15,0.195,5,4.047
Snapdeal,electronics,Multi Printed Cover Compatible For APPLE iPhone 11 Pro ( Pack of 1 ),176.0,999.0,82.0,4.0,118,23,,Third-party,Free Delivery,3.0,1,0,Great Offer,1,Limited Period Offer,1,0,,7 days return,1,https://www.snapdeal.com/product/nbox-multi-printed-cover-compatible/629822018681,2,0.164,0.195,5,4.056
Snapdeal,electronics,HUG PUPPY Bluetooth Selfie Flash Light ( Black ),267.0,999.0,73.0,4.0,136,27,,Third-party,Free Delivery,3.0,1,0,Great Offer; Flash Sale,2,Limited Period Offer,1,0,,7 days return,1,https://www.snapdeal.com/product/hug-puppy-bluetooth-selfie-flash/666244518927,3,0.146,0.199,5,4.084
Snapdeal,electronics,BIG WINGS Shock Proof Case Compatible For Polycarbonate Apple iPhone 15 Pro Max ( Pack of 1 ),187.0,1499.0,88.0,3.7,77,15,,Third-party,Free Delivery,3.0,1,0,Great Offer,1,Limited Period Offer,1,0,,7 days return,1,https://www.snapdeal.com/product/big-wings-shock-proof-case/6917529676614973605,2,0.229,0.195,5,3.851
Snapdeal,fashion,PENNEN Black Men's Lifestyle Shoes,460.0,999.0,54.0,3.8,229,45,,Third-party,Free Delivery,3.0,1,0,,0,,0,0,,7 days return,1,https://www.snapdeal.com/product/pennen-black-mens-lifestyle-shoes/645427402469,0,0.13,0.197,0,5.02
Snapdeal,fashion,Bersache Men Casual Shoes Blue Men's Outdoor Shoes,1024.0,4999.0,80.0,4.3,71,14,,Third-party,Free Delivery,3.0,1,0,Great Offer,1,Limited Period Offer,1,0,,7 days return,1,https://www.snapdeal.com/product/bersache-men-casual-shoes-blue/622139407913,2,0.112,0.197,5,4.075
Snapdeal,fashion,hotstyle FIRST White Men's Lifestyle Shoes,331.0,999.0,67.0,3.9,121,24,,Third-party,Free Delivery,3.0,1,0,Great Offer,1,,0,0,,7 days return,1,https://www.snapdeal.com/product/hotstyle-first-white-mens-lifestyle/625047442571,1,0.147,0.198,2,5.021
Snapdeal,fashion,Xtoon Grey Men's Outdoor Shoes,498.0,1499.0,67.0,3.8,120,24,,Third-party,Free Delivery,3.0,1,0,Great Offer,1,,0,0,,7 days return,1,https://www.snapdeal.com/product/xtoon-grey-mens-outdoor-shoes/5764608187091286668,1,0.161,0.2,2,4.979
Snapdeal,fashion,Bersache Bersache Men Casual Shoes Green Men's Lifestyle Shoes,1024.0,4999.0,80.0,4.2,46,9,,Third-party,Free Delivery,3.0,1,0,Great Offer,1,Limited Period Offer,1,0,,7 days return,1,https://www.snapdeal.com/product/bersache-bersache-men-casual-shoes/6917529668868601628,2,0.128,0.196,5,3.95
Snapdeal,fashion,Aadi Casual Shoes Grey Men's Outdoor Shoes,426.0,1999.0,79.0,4.0,153,30,,Third-party,Free Delivery,3.0,1,1,Great Offer,1,Limited Period Offer,1,0,,7 days return,1,https://www.snapdeal.com/product/aadi-casual-shoes-grey-mens/626394411769,3,0.158,0.196,5,3.6
Snapdeal,fashion,ATOM Alpha Predator Black Men's Lifestyle Shoes,1445.0,3495.0,59.0,4.3,135,27,,Third-party,Free Delivery,3.0,1,0,,0,,0,0,,7 days return,1,https://www.snapdeal.com/product/atom-black-mens-trekking-shoes/5764608203729291679,0,0.083,0.2,0,5.203
Snapdeal,fashion,ADITOES Playboot Black Men's High Tops Shoes,460.0,1099.0,58.0,3.7,35,7,,Third-party,Free Delivery,3.0,1,1,,0,,0,0,,7 days return,1,https://www.snapdeal.com/product/aditoes-playboot-black-mens-high/682925977240,1,0.151,0.2,0,4.197
Snapdeal,fashion,Bersache Men Casual Shoes Light Grey Men's Outdoor,1024.0,4999.0,80.0,3.5,75,15,,Third-party,Free Delivery,3.0,1,0,Great Offer,1,Limited Period Offer,1,0,,7 days return,1,https://www.snapdeal.com/product/bersache-men-casual-shoes-light/635099941976,2,0.24,0.2,5,3.766
Snapdeal,fashion,Xtoon White Men's Outdoor Shoes,499.0,1499.0,67.0,3.5,77,15,,Third-party,Free Delivery,3.0,1,0,Great Offer,1,,0,0,,7 days return,1,https://www.snapdeal.com/product/xtoon-white-mens-outdoor-shoes/628530396704,1,0.201,0.195,2,4.771
Snapdeal,fashion,K-FOOTLANCE White Men's Outdoor Shoes,788.0,1999.0,61.0,4.0,128,25,,Third-party,Free Delivery,3.0,1,0,,0,,0,0,,7 days return,1,https://www.snapdeal.com/product/kfootlance-white-mens-outdoor-shoes/643722643465,0,0.122,0.195,2,5.072
Snapdeal,fashion,Bersache Men Casual Shoes White Men's Lifestyle,1024.0,4999.0,80.0,4.2,248,49,,Third-party,Free Delivery,3.0,1,0,Great Offer,1,Limited Period Offer,1,0,,7 days return,1,https://www.snapdeal.com/product/bersache-men-casual-shoes-white/660908507594,2,0.128,0.198,5,4.18
Snapdeal,fashion,AADWIN White Men's Korean Shoes,506.0,1999.0,75.0,3.9,134,26,,Third-party,Free Delivery,3.0,1,1,Great Offer,1,Limited Period Offer,1,0,,7 days return,1,https://www.snapdeal.com/product/aadwin-white-mens-lifestyle-shoes/663932967948,3,0.165,0.194,5,3.541
Snapdeal,fashion,Campus FLYNN Navy Men's Slip-on Shoes,1114.0,2199.0,49.0,4.3,150,30,,Third-party,Free Delivery,3.0,1,0,,0,,0,0,,7 days return,1,https://www.snapdeal.com/product/campus-flynn-white-mens-slipon/6917529664879451751,0,0.069,0.2,0,5.22
Snapdeal,fashion,Xtoon White Men's Lifestyle Shoes,498.0,1499.0,67.0,3.7,240,48,,Third-party,Free Delivery,3.0,1,0,Great Offer,1,,0,0,,7 days return,1,https://www.snapdeal.com/product/xtoon-white-mens-lifestyle-shoes/641169223879,1,0.174,0.2,2,4.98
Snapdeal,fashion,Bersache Men Casual Shoes Light Grey Men's Outdoor Shoes,1024.0,4999.0,80.0,4.1,150,30,,Third-party,Free Delivery,3.0,1,0,Great Offer,1,Limited Period Offer,1,0,,7 days return,1,https://www.snapdeal.com/product/bersache-men-casual-shoes-light/680125285372,2,0.144,0.2,5,4.14
Snapdeal,fashion,Rising Wolf Lightweight Black Men's Sports Running Shoes,599.0,2999.0,80.0,3.9,156,31,,Third-party,Free Delivery,3.0,1,0,Great Offer,1,Limited Period Offer,1,0,,7 days return,1,https://www.snapdeal.com/product/rising-wolf-synthetic-leather-lace/6917529676707676308,2,0.176,0.199,5,4.06
Snapdeal,fashion,Campus CAMP ZYLON Black Men's Lifestyle Shoes,1046.0,2299.0,55.0,4.2,204,40,,Third-party,Free Delivery,3.0,1,0,,0,,0,0,,7 days return,1,https://www.snapdeal.com/product/campus-camp-zylon-black-mens/4899917042475632445,0,0.088,0.196,0,5.18
Snapdeal,fashion,GOLDSTAR Outdoor Black Casual Shoes,468.0,999.0,53.0,4.1,174,34,,Third-party,Free Delivery,3.0,1,0,,0,,0,0,,7 days return,1,https://www.snapdeal.com/product/goldstar-outdoor-black-casual-shoes/642738280545,0,0.095,0.195,0,5.14
Snapdeal,fashion,REV EWSY Mens Latest Shoes Running White 1 Men's Lifestyle Shoes,425.0,1499.0,72.0,4.0,48,9,,Third-party,Free Delivery,3.0,1,0,Great Offer,1,Limited Period Offer,1,0,,7 days return,1,https://www.snapdeal.com/product/rev-ewsy-mens-latest-shoes/674362333900,2,0.144,0.188,5,3.878
Snapdeal,fashion,Liberty SURKSHA1SJ Black Men's Outdoor Shoes,1279.0,1599.0,20.0,5.0,103,20,,Third-party,Free Delivery,3.0,1,0,,0,,0,0,,7 days return,1,https://www.snapdeal.com/product/liberty-surksha1sj-black-mens-outdoor/683038138236,0,0.0,0.194,0,5.429
Snapdeal,fashion,Xtoon White Men's Outdoor Shoes,448.0,1499.0,70.0,3.9,184,36,,Third-party,Free Delivery,3.0,1,0,Great Offer,1,Limited Period Offer,1,0,,7 days return,1,https://www.snapdeal.com/product/xtoon-white-mens-outdoor-shoes/624719472360,2,0.154,0.196,5,5.06
Snapdeal,fashion,Hirolas Blue Men's Outdoor Shoes,1293.0,3499.0,63.0,4.0,177,35,,Third-party,Free Delivery,3.0,1,0,,0,,0,0,,7 days return,1,https://www.snapdeal.com/product/hirolas-blue-mens-outdoor-shoes/6917529664491377542,0,0.126,0.198,2,5.1
Snapdeal,fashion,CLD White Men's Outdoor Shoes,834.0,2499.0,67.0,4.2,119,23,,Third-party,Free Delivery,3.0,1,0,Great Offer,1,,0,0,,7 days return,1,https://www.snapdeal.com/product/cld-white-mens-outdoor-shoes/660530220767,1,0.107,0.193,2,5.137
Snapdeal,fashion,SNEAKER Stylish Black Men's,546.0,1499.0,64.0,5.0,93,18,,Third-party,Free Delivery,3.0,1,0,,0,,0,0,,7 days return,1,https://www.snapdeal.com/product/sneaker-stylish-black-mens-sneakers/628052199178,0,0.0,0.194,2,5.409
Snapdeal,fashion,Neemans The Everyday Basic Sneakers White Men's Slip-on Shoes,1099.0,3299.0,67.0,4.2,227,45,,Third-party,Free Delivery,3.0,1,0,Great Offer,1,,0,0,,7 days return,1,https://www.snapdeal.com/product/neemans-the-everyday-basic-sneakers/633309557594,1,0.107,0.198,2,5.18
Snapdeal,fashion,Bersache Men casual sneaker shoe White Men's Outdoor Shoes,1024.0,4999.0,80.0,4.5,127,25,,Third-party,Free Delivery,3.0,1,0,Great Offer,1,Limited Period Offer,1,0,,7 days return,1,https://www.snapdeal.com/product/bersache-men-casual-sneaker-shoe/5764608180084778634,2,0.08,0.197,5,4.27
Snapdeal,fashion,Xtoon Chunky Stylish Embossed Design Lifestyle Sneakers White Men's,489.0,1499.0,67.0,4.0,55,11,,Third-party,Free Delivery,3.0,1,0,Great Offer,1,,0,0,,7 days return,1,https://www.snapdeal.com/product/xtoon-chunky-stylish-embossed-design/6917529669612739043,1,0.134,0.2,2,4.905
Snapdeal,fashion,Neemans The Everyday Basic Sneakers Black Men's Slip-on Shoes,1099.0,3299.0,67.0,4.4,193,38,,Third-party,Free Delivery,3.0,1,0,Great Offer,1,,0,0,,7 days return,1,https://www.snapdeal.com/product/neemans-the-everyday-basic-sneakers/686862507694,1,0.08,0.197,2,5.26
Snapdeal,fashion,Campus SHUTTLE Black Men's Slip-on Shoes,622.0,1099.0,43.0,4.3,205,41,,Third-party,Free Delivery,3.0,1,0,,0,,0,0,,7 days return,1,https://www.snapdeal.com/product/campus-shuttle-black-mens-slipon/7205760026735476081,0,0.06,0.2,0,5.22
Snapdeal,fashion,Bersache Men casual sneaker shoe Blue Men's Outdoor Shoes,1024.0,4999.0,80.0,4.5,223,44,,Third-party,Free Delivery,3.0,1,0,Great Offer,1,Limited Period Offer,1,0,,7 days return,1,https://www.snapdeal.com/product/bersache-men-casual-sneaker-shoe/6917529684691625610,2,0.08,0.197,5,4.3
Snapdeal,fashion,VEXIMO Men Stylish Chunky Sneakers Black Men's Lifestyle Shoes,500.0,2499.0,80.0,4.3,151,30,,Third-party,Free Delivery,3.0,1,0,Great Offer,1,Limited Period Offer,1,0,,7 days return,1,https://www.snapdeal.com/product/veximo-men-stylish-chunky-sneakers/620680306319,2,0.112,0.199,5,4.22
Snapdeal,fashion,Neemans The Everyday Basic Sneakers Blue Men's Slip-on Shoes,1099.0,3299.0,67.0,4.2,75,15,,Third-party,Free Delivery,3.0,1,0,Great Offer,1,,0,0,,7 days return,1,https://www.snapdeal.com/product/neemans-the-everyday-basic-sneakers/652178902402,1,0.107,0.2,2,5.046
Snapdeal,fashion,UniStar Sneakers Black Casual Shoes,550.0,849.0,35.0,4.1,45,9,,Third-party,Free Delivery,3.0,1,0,,0,,0,0,,7 days return,1,https://www.snapdeal.com/product/unistar-sneakers-black-casual-shoes/665434476582,0,0.063,0.2,0,4.906
Snapdeal,fashion,Xtoon Men's Stylish Embossed Pattern Casual Sneakers White Men's,499.0,1999.0,75.0,4.4,59,11,,Third-party,Free Delivery,3.0,1,0,Great Offer,1,Limited Period Offer,1,0,,7 days return,1,https://www.snapdeal.com/product/xtoon-mens-stylish-embossed-pattern/8070451180786371567,2,0.09,0.186,5,4.079
Snapdeal,fashion,Bersache Casual Sneaker shoe for Men White Men's Outdoor Shoes,1024.0,4999.0,80.0,4.3,161,32,,Third-party,Free Delivery,3.0,1,0,Great Offer,1,Limited Period Offer,1,0,,7 days return,1,https://www.snapdeal.com/product/bersache-casual-sneaker-shoe-for/5764608201900503062,2,0.112,0.199,5,4.22
Snapdeal,fashion,"Rolus latest,Stylish & lightweight - Red Men's Sneakers",609.0,1999.0,70.0,4.0,122,24,,Third-party,Free Delivery,3.0,1,0,Great Offer,1,Limited Period Offer,1,0,,7 days return,1,https://www.snapdeal.com/product/rolus-1-pair-sports-shoes/8070451215781104720,2,0.14,0.197,5,5.062
Snapdeal,fashion,Neemans The Everyday Basic Sneakers Beige Men's Slip-on Shoes,1099.0,3299.0,67.0,4.3,217,43,,Third-party,Free Delivery,3.0,1,0,Great Offer,1,,0,0,,7 days return,1,https://www.snapdeal.com/product/neemans-the-everyday-basic-sneakers/664346965541,1,0.094,0.198,2,5.22
Snapdeal,fashion,Xtoon Comfortable trendy Sneaker Black Men's Outdoor Shoes,499.0,1499.0,67.0,3.8,196,39,,Third-party,Free Delivery,3.0,1,0,Great Offer,1,,0,0,,7 days return,1,https://www.snapdeal.com/product/xtoon-grey-mens-outdoor-shoes/6917529691698133644,1,0.161,0.199,2,5.02
Snapdeal,fashion,BXXY Casual Buckle Slip-On Sneaker White Men's Lifestyle Shoes,1282.0,4999.0,74.0,4.0,194,38,,Third-party,Free Delivery,3.0,1,0,Great Offer,1,Limited Period Offer,1,0,,7 days return,1,https://www.snapdeal.com/product/bxxy-casual-buckle-slipon-sneaker/6917529646933494658,2,0.148,0.196,5,4.1
Snapdeal,fashion,Figor Stylish/Comfortable - Multi Color Men's Sneakers,479.0,1499.0,68.0,4.2,125,25,,Third-party,Free Delivery,3.0,1,0,Great Offer,1,,0,0,,7 days return,1,https://www.snapdeal.com/product/figor-stylishcomfortable-multi-color-mens/672520082330,1,0.109,0.2,2,5.147
Snapdeal,fashion,Neemans The Everyday Basic Sneakers Grey Men's Slip-on Shoes,1099.0,3299.0,67.0,4.4,190,38,,Third-party,Free Delivery,3.0,1,0,Great Offer,1,,0,0,,7 days return,1,https://www.snapdeal.com/product/neemans-the-everyday-basic-sneakers/672825318362,1,0.08,0.2,2,5.26
Snapdeal,fashion,pocyshoes White casual trendy lightweight sneaker men White Men's,500.0,1600.0,69.0,4.0,185,37,,Third-party,Free Delivery,3.0,1,0,Great Offer,1,,0,0,,7 days return,1,https://www.snapdeal.com/product/pocyshoes-white-casual-trendy-lightweight/650411791404,1,0.138,0.2,2,5.1
Snapdeal,fashion,Neemans Beige Men's,1099.0,2999.0,63.0,3.7,212,42,,Third-party,Free Delivery,3.0,1,0,,0,,0,0,,7 days return,1,https://www.snapdeal.com/product/neemans-sneakers-beige-casual-shoes/637874373339,0,0.164,0.198,2,4.98
Snapdeal,fashion,Aadi Sneakers Gray Casual Shoes,403.0,999.0,60.0,4.3,40,8,,Third-party,Free Delivery,3.0,1,1,,0,,0,0,,7 days return,1,https://www.snapdeal.com/product/aadi-sneakers-gray-casual-shoes/632312737149,1,0.084,0.2,0,4.463
Snapdeal,fashion,Bersache Casual Sneaker shoe for Men Navy Men's Outdoor Shoes,1024.0,4999.0,80.0,4.3,103,20,,Third-party,Free Delivery,3.0,1,0,Great Offer,1,Limited Period Offer,1,0,,7 days return,1,https://www.snapdeal.com/product/bersache-casual-sneaker-shoe-for/6917529706507350038,2,0.112,0.194,5,4.149
Snapdeal,fashion,Xtoon Comfortable trendy Sneaker Red Men's Outdoor Shoes,499.0,1499.0,67.0,3.8,174,34,,Third-party,Free Delivery,3.0,1,0,Great Offer,1,,0,0,,7 days return,1,https://www.snapdeal.com/product/xtoon-grey-mens-outdoor-shoes/8070451196304980620,1,0.161,0.195,2,5.02
Snapdeal,fashion,Liberty - Black Men's Sneakers,2499.0,2499.0,0.0,5.0,214,42,,Third-party,Free Delivery,3.0,1,0,,0,,0,0,,7 days return,1,https://www.snapdeal.com/product/liberty-blue-mens-sneakers/5188147434956372512,0,0.0,0.196,0,5.5
Snapdeal,audio,M19 Bluetooth 5.1 Earbuds in-Ear TWS Stereo Headphones with Smart LED,313.0,800.0,61.0,4.1,177,35,,Third-party,Free Delivery,3.0,1,1,,0,,0,0,,7 days return,1,https://www.snapdeal.com/product/m19-bluetooth-51-earbuds-inear/651368261598,1,0.11,0.198,2,4.64
Snapdeal,audio,"U7 Tws Headphone, 30 hours of Playback and Deep Bass, Gaming, Fast Charging & Low Latency IPX7 (Water Resistant)",370.0,1999.0,81.0,4.2,87,17,,Third-party,Free Delivery,3.0,1,1,Great Offer,1,Limited Period Offer,1,0,,7 days return,1,https://www.snapdeal.com/product/u7-tws-headphone-30-hours/630741700407,3,0.13,0.195,5,3.575
Snapdeal,audio,"Wireless Earbuds Pro, Bluetooth Earphones, In-Ear Headphones; TWS Earbuds; Long Battery Life (BLACK)",459.0,3999.0,89.0,4.0,40,8,,Third-party,Free Delivery,3.0,1,1,Great Offer,1,Limited Period Offer,1,0,,7 days return,1,https://www.snapdeal.com/product/wireless-earbuds-pro-bluetooth-earphones/661706299492,3,0.178,0.2,5,3.343
Snapdeal,audio,"VEHOP S300 OWS Open Ear Wireless Earbuds with Display, ENC Mic for Crystal-Clear Calls, 60hr Playtime with Type-C Fast Charging, BT5.4 Gaming Bluetooth Earphones, Touch Control Sports Headphone.",624.0,2999.0,79.0,3.7,174,34,,Third-party,Free Delivery,3.0,1,1,Great Offer,1,Limited Period Offer,1,0,,7 days return,1,https://www.snapdeal.com/product/vehop-s300-ows-open-ear/625484229302,3,0.205,0.195,5,3.48
Snapdeal,audio,MECROLINK ANC10 Buds pods Earbuds 12 Hours Playtime Bluetooth Wireless Headphones Earphone Bluetooth Headset,379.0,3600.0,89.0,3.8,233,46,,Third-party,Free Delivery,3.0,1,1,Great Offer,1,Limited Period Offer,1,0,,7 days return,1,https://www.snapdeal.com/product/mecrolink-anc10-buds-pods-earbuds/661785349048,3,0.214,0.197,5,3.52
Snapdeal,audio,XYBEL Ultrapod In Ear Bluetooth Earbuds|TWS-Bluetooth Headphone|30 Hr PlayTime -Green,390.0,1999.0,80.0,4.1,222,44,,Third-party,Free Delivery,3.0,1,1,Great Offer,1,Limited Period Offer,1,0,,7 days return,1,https://www.snapdeal.com/product/xybel-in-ear-tws-green/682827488918,3,0.144,0.198,5,3.64
Snapdeal,audio,M19 Wireless Earbuds Headset Earbuds TWS Earphone Touch Control Mirror Digital Display Bluetooth 5.1 Headphones with Microphone (black),370.0,1699.0,78.0,4.1,86,17,,Third-party,Free Delivery,3.0,1,1,Great Offer,1,Limited Period Offer,1,0,,7 days return,1,https://www.snapdeal.com/product/m19-wireless-earbuds-headset-earbuds/624314575439,3,0.14,0.198,5,3.533
Snapdeal,audio,"U7 True Wireless Bluetooth Headphone, Upto 30Hr Playtime Fast Charging, Dual Pairing & Gaming (Sweat Proof)",350.0,1999.0,82.0,3.9,92,18,,Third-party,Free Delivery,3.0,1,1,Great Offer,1,Limited Period Offer,1,0,,7 days return,1,https://www.snapdeal.com/product/u7-true-wireless-bluetooth-headphone/667193145557,3,0.18,0.196,5,3.467
Snapdeal,audio,"Tws Ultrapods display bluetooth, Earbuds Pro + 3 in 1 data fast cable ,  Bluetooth Headphone + 3  in 1 charging cable",389.0,2999.0,87.0,4.0,195,39,,Third-party,Free Delivery,3.0,1,1,Great Offer,1,Limited Period Offer,1,0,,7 days return,1,https://www.snapdeal.com/product/tws-ultrapods-display-bluetooth-earbuds/671461908139,3,0.174,0.2,5,3.6
Snapdeal,audio,"A10 PRO WHITE Bluetooth Headphones with 15 Hours Playtime with 10mm Drivers, Rich Music Experience, BT 5.3v, Type C Fast Charging,  EarBUDS & IPX4 Water Resistant",467.0,467.0,91.0,3.7,179,35,,Third-party,Free Delivery,3.0,1,1,Great Offer,1,Limited Period Offer,1,0,,7 days return,1,https://www.snapdeal.com/product/a10-pro-white-bluetooth-headphones/685058863642,3,0.237,0.196,5,3.48
Snapdeal,audio,M10 Earbuds TWS 5.1 Large Screen Dual LED Digital Display Touch Bluetooth Headphones Mini Compact Portable Sports Waterproof in Ear Earphones,379.0,2999.0,87.0,5.0,126,25,,Third-party,Free Delivery,3.0,1,1,Great Offer,1,Limited Period Offer,1,0,,7 days return,1,https://www.snapdeal.com/product/m10-earbuds-tws-51-large/648512315673,3,0.0,0.198,5,3.969
Snapdeal,audio,MECROLINK Wireless Earbuds Bluetooth 5.3 TWS Earphones Full Touch Control Headphones Built-in Microphone Immersive Sound Quality Ensure Fast Stable & Connection Smart Headset Sports Bud (WHITE),379.0,3600.0,89.0,3.8,161,32,,Third-party,Free Delivery,3.0,1,1,Great Offer,1,Limited Period Offer,1,0,,7 days return,1,https://www.snapdeal.com/product/mecrolink-wireless-earbuds-bluetooth-53/650723103145,3,0.214,0.199,5,3.52
Snapdeal,audio,"Tws bluetooth, Earbuds Pro + 3 in 1 data fast cable ,  Bluetooth Headphone + 3 in 1 charging cable",390.0,2999.0,87.0,5.0,109,21,,Third-party,Free Delivery,3.0,1,1,Great Offer,1,Limited Period Offer,1,0,,7 days return,1,https://www.snapdeal.com/product/tws-bluetooth-earbuds-pro-3/621719974774,3,0.0,0.193,5,3.94
Snapdeal,audio,ANC3 Pro-True Wireless Bluetooth Headphone Earphones with 10 Hours of Playtime & Compatible for all Smartphones (White),385.0,385.0,92.0,3.7,199,39,,Third-party,Free Delivery,3.0,1,1,Great Offer,1,Limited Period Offer,1,0,,7 days return,1,https://www.snapdeal.com/product/anc3-protrue-wireless-bluetooth-headphone/654855391287,3,0.239,0.196,5,3.48
Snapdeal,audio,"VEHOP Aura TWS Earbuds with Digital Display, BT 5.49+ENC for Clear Calling, Low Latency Gaming Wireless Headphone, 36 Hours Play, Immersive Sound, Touch Control, IPX4 & Voice Assistance",582.0,2999.0,81.0,3.8,125,25,,Third-party,Free Delivery,3.0,1,1,Great Offer,1,Limited Period Offer,1,0,,7 days return,1,https://www.snapdeal.com/product/vehop-aura-tws-earbuds-with/646446875402,3,0.194,0.2,5,3.487
Snapdeal,audio,Neo M10 EARBUDS Bluetooth True Wireless (TWS) In Ear 4 Hours Playback Active Noise cancellation IPX4 NECKBAND HEADPHONE (Splash & Sweat Proof) Black,427.0,599.0,29.0,3.9,45,9,,Third-party,Free Delivery,3.0,1,1,,0,,0,0,,7 days return,1,https://www.snapdeal.com/product/neo-m10-earbuds-bluetooth-true/624176674622,1,0.064,0.2,0,4.326
Snapdeal,audio,"Wireless Earbuds Pro, Bluetooth Earphones, In-Ear Headphones; TWS Earbuds; Long Battery Life (BLACK)",382.0,3820.0,90.0,4.0,194,38,,Third-party,Free Delivery,3.0,1,1,Great Offer,1,Limited Period Offer,1,0,,7 days return,1,https://www.snapdeal.com/product/wireless-earbuds-pro-bluetooth-earphones/668245947350,3,0.18,0.196,5,3.6
Snapdeal,audio,XYBEL Ultrapod In Ear Bluetooth Earbuds | TWS-Bluetooth Headphone |30 Hr PlayTime| - Pink,388.0,1999.0,81.0,4.0,199,39,,Third-party,Free Delivery,3.0,1,1,Great Offer,1,Limited Period Offer,1,0,,7 days return,1,https://www.snapdeal.com/product/xybel-in-ear-tws-pink/641038777171,3,0.162,0.196,5,3.6
Snapdeal,audio,"Tws Ultrapods display bluetooth, Earbuds Pro + 4 in 1 data fast cable ,  Bluetooth Headphone + 4 in 1 charging cable",390.0,2999.0,87.0,4.0,94,18,,Third-party,Free Delivery,3.0,1,1,Great Offer,1,Limited Period Offer,1,0,,7 days return,1,https://www.snapdeal.com/product/tws-ultrapods-display-bluetooth-earbuds/686345872805,3,0.174,0.191,5,3.511
Snapdeal,audio,Neo N888 EARBUDS Bluetooth True Wireless (TWS) On Ear 4 Hours Playback Active Noise cancellation IPX4(Splash & Sweat Proof) Pink,299.0,999.0,70.0,3.9,155,31,,Third-party,Free Delivery,3.0,1,0,Great Offer,1,Limited Period Offer,1,0,,7 days return,1,https://www.snapdeal.com/product/neo-n888-earbuds-bluetooth-true/621379218696,2,0.154,0.2,5,5.06
Snapdeal,audio,"VEHOP 161 Elite Cruze True Wireless Earbuds with 40H Playtime, ENC Crystal-Clear Calls, Fast Charging, Elegant Design, Bluetooth 5.3 Low Latency Gaming TWS, Immersive Sound, IPX5 Waterproof.",582.0,2999.0,81.0,4.0,105,21,,Third-party,Free Delivery,3.0,1,0,Great Offer,1,Limited Period Offer,1,0,,7 days return,1,https://www.snapdeal.com/product/vehop-161-elite-cruze-true/660390406917,2,0.162,0.2,5,4.033
Snapdeal,audio,Retail Store Master Buds True Wireless Bluetooth Earbuds–black,538.0,1499.0,64.0,5.0,139,27,,Third-party,Free Delivery,3.0,1,0,,0,,0,0,,7 days return,1,https://www.snapdeal.com/product/retail-store-master-buds-true/661501093691,0,0.0,0.194,2,5.488
Snapdeal,audio,"U7 Tws Bluetooth Airbuds, True Wireless Earbuds, Fast Charging, Deep Basss & 3D Sound, Ultra Low Latency",390.0,1999.0,80.0,4.2,137,27,,Third-party,Free Delivery,3.0,1,0,Great Offer,1,Limited Period Offer,1,0,,7 days return,1,https://www.snapdeal.com/product/u7-tws-bluetooth-airbuds-true/685023888735,2,0.128,0.197,5,4.165
Snapdeal,audio,"VERONIC NORD Buds 3 Truly Wireless in Ear Earbuds with 50H Playtime, AI-ENC Mic, 45ms Low Latency Gaming, 13mm Bass Drivers, Type-C Fast Charging, Made in India, Touch Controls, IPX5 Ear Buds TWS",622.0,2999.0,79.0,4.1,91,18,,Third-party,Free Delivery,3.0,1,1,Great Offer,1,Limited Period Offer,1,0,,7 days return,1,https://www.snapdeal.com/product/veronic-nord-buds-3-truly/652030996685,3,0.142,0.198,5,3.544
Snapdeal,audio,COREGENIX Newly Launched GQ-03 Truly Wireless Earbuds TWS | Upto 120Hrs Use time | Bluetooth V5.3 | Quad Mics with AI-ENC | 40ms Low Latency Gaming |Time Display | Week Display | Breathing LED Lights,653.0,2999.0,78.0,3.5,84,16,,Third-party,Free Delivery,3.0,1,1,Great Offer,1,Limited Period Offer,1,0,,7 days return,1,https://www.snapdeal.com/product/coregenix-newly-launched-gq03-truly/670839044253,3,0.234,0.19,5,3.289
Snapdeal,audio,"VERONIC 91 PRO Wireless Earbuds with 45Hrs Playtime, AI-ENC Mic, Bluetooth 5.3 with Low Latency Gaming, 13mm Bass Drivers, Type-C Fast Charging, Touch Controls, IPX5 Waterproof TWS",596.0,2999.0,80.0,5.0,186,37,,Third-party,Free Delivery,3.0,1,0,Great Offer,1,Limited Period Offer,1,0,,7 days return,1,https://www.snapdeal.com/product/veronic-91-pro-wireless-earbuds/639279272338,2,0.0,0.199,5,4.5
Snapdeal,audio,"VEHOP 161 Elite Cruze True Wireless Earbuds with 40H Playtime, ENC Crystal-Clear Calls, Fast Charging, Elegant Design, Bluetooth 5.3 Low Latency Gaming TWS, Immersive Sound, IPX5 Waterproof.",599.0,2999.0,80.0,4.1,92,18,,Third-party,Free Delivery,3.0,1,0,Great Offer,1,Limited Period Offer,1,0,,7 days return,1,https://www.snapdeal.com/product/vehop-161-elite-cruze-true/651223289384,2,0.144,0.196,5,4.047
Snapdeal,audio,"VERONIC Q86 Aura TWS Earbuds with Digital Display, BT 5.49+ENC for Clear Calling, Low Latency Gaming Wireless Headphone, 36 Hours Play, Immersive Sound, Touch Control, IPX4 & Voice Assistance.",596.0,2999.0,80.0,4.1,246,49,,Third-party,Free Delivery,3.0,1,1,Great Offer,1,Limited Period Offer,1,0,,7 days return,1,https://www.snapdeal.com/product/veronic-q86-aura-tws-earbuds/662484217749,3,0.144,0.199,5,3.64
Snapdeal,audio,"VEHOP Shine Pro Truly Wireless in Ear Earbuds with 50H Playtime, AI-ENC Mic, 45ms Low Latency Gaming, 13mm Bass Drivers, Type-C Fast Charging, Made in India, Touch Controls, IPX5 Ear Buds TWS",624.0,2999.0,79.0,3.7,188,37,,Third-party,Free Delivery,3.0,1,1,Great Offer,1,Limited Period Offer,1,0,,7 days return,1,https://www.snapdeal.com/product/vehop-shine-pro-truly-wireless/686933441037,3,0.205,0.197,5,3.48
Snapdeal,audio,"VERONIC Earbuds Bluetooth True Wireless (TWS) In Ear 30 Hours Playback Fast charging,Dual pairing IPX4(Splash & Sweat Proof) Black",681.0,2999.0,77.0,3.6,64,12,,Third-party,Free Delivery,3.0,1,0,Great Offer,1,Limited Period Offer,1,0,,7 days return,1,https://www.snapdeal.com/product/veronic-earbuds-bluetooth-true-wireless/622097005693,2,0.216,0.188,5,3.775
Snapdeal,audio,NEO Wireless Earbuds Pro Bluetooth Earphone TWS Earbuds With Mini Bluetooth Speaker,476.0,999.0,52.0,4.1,104,20,,Third-party,Free Delivery,3.0,1,0,,0,,0,0,,7 days return,1,https://www.snapdeal.com/product/neo-wireless-earbuds-pro-bluetooth/673417754613,0,0.094,0.192,0,5.071
Snapdeal,audio,XYBEL Wireless Earbuds In Ear TWS White,420.0,1999.0,79.0,4.0,36,7,,Third-party,Free Delivery,3.0,1,0,Great Offer,1,Limited Period Offer,1,0,,7 days return,1,https://www.snapdeal.com/product/xybel-in-ear-tws-white/633654204895,2,0.158,0.194,5,3.822
Snapdeal,audio,"VERONIC T110 Truly Wireless in Ear Earbuds with 38Hrs Playtime, AI-ENC Mic, Bluetooth 5.4 with Low Latency Gaming, 13mm Bass Drivers, Type-C Fast Charging, Touch Controls, IPX5 Waterproof TWS",596.0,2999.0,80.0,3.7,141,28,,Third-party,Free Delivery,3.0,1,0,Great Offer,1,Limited Period Offer,1,0,,7 days return,1,https://www.snapdeal.com/product/veronic-t110-truly-wireless-in/684533064908,2,0.208,0.199,5,3.971
Snapdeal,audio,M19 Wireless Earbuds TWS 5.1 Dual Touch Mini Compact Playtime with Fast Charging Sweat-Proof  Bluetooth Headphones  (Black),405.0,405.0,94.0,3.8,200,40,,Third-party,Free Delivery,3.0,1,1,Great Offer,1,Limited Period Offer,1,0,,7 days return,1,https://www.snapdeal.com/product/m19-wireless-earbuds-tws-51/670486880924,3,0.226,0.2,5,3.52
Snapdeal,audio,"VEHOP NORD Buds 3 Truly Wireless in Ear Earbuds with 50H Playtime, AI-ENC Mic, 45ms Low Latency Gaming, 13mm Bass Drivers, Type-C Fast Charging, Made in India, Touch Controls, IPX5 Ear Buds TWS",607.0,2999.0,80.0,3.8,100,20,,Third-party,Free Delivery,3.0,1,1,Great Offer,1,Limited Period Offer,1,0,,7 days return,1,https://www.snapdeal.com/product/vehop-nord-buds-3-truly/623569428095,3,0.192,0.2,5,3.443
Snapdeal,audio,COREGENIX Pro 60 Truly Wireless Earbuds TWS | ENC & High Bass | Upto 30 Hrs Playtime | Bluetooth V5.3 | Quad Mics with AI-ENC | 40ms Low Latency Gaming | Gaming Beast for Android & iOS,681.0,1999.0,66.0,4.1,137,27,,Third-party,Free Delivery,3.0,1,1,Great Offer,1,,0,0,,7 days return,1,https://www.snapdeal.com/product/coregenix-pro-60-truly-wireless/639430892817,2,0.119,0.197,2,4.625
Snapdeal,audio,"U7 True Wireless Earbuds, Upto 30Hr Playtime Fast Charging Dual Pairing, Gaming + T-900 Ultra Smartwatch Campatible for IOS & Android -Bluetooth Call, Fitness Tracker",733.0,1999.0,63.0,4.0,115,23,,Third-party,Free Delivery,3.0,1,0,,0,,0,0,,7 days return,1,https://www.snapdeal.com/product/u7-true-wireless-earbuds-upto/638136213335,0,0.126,0.2,2,5.051
Snapdeal,audio,M19 TWS  Earbuds Bluetooth 5.1 Wireless headset  with 2200mAh Power Bank Case & LED Display (Black),401.0,401.0,92.0,4.5,204,40,,Third-party,Free Delivery,3.0,1,1,Great Offer,1,Limited Period Offer,1,0,,7 days return,1,https://www.snapdeal.com/product/m19-tws-earbuds-bluetooth-51/679792935514,3,0.092,0.196,5,3.8
Snapdeal,wearables,OLIVEOPS T-800 OR Orange Smart Watch,464.0,2499.0,81.0,4.0,176,35,,Third-party,Free Delivery,3.0,1,0,Great Offer,1,Limited Period Offer,1,0,,7 days return,1,https://www.snapdeal.com/product/oliveops-oliveops-t800-or-orange/632591314714,2,0.162,0.199,5,4.1
Snapdeal,wearables,OLIVEOPS Combo Black Smart Watch,632.0,3999.0,84.0,3.7,229,45,,Third-party,Free Delivery,3.0,1,0,Great Offer,1,Limited Period Offer,1,0,,7 days return,1,https://www.snapdeal.com/product/oliveops-combo-black-smart-watch/641887020086,2,0.218,0.197,5,3.98
Snapdeal,wearables,The Shopoholic Black Silicon Digital Men's Watch,323.0,999.0,68.0,4.0,161,32,,Third-party,Free Delivery,3.0,1,0,Great Offer,1,,0,0,,7 days return,1,https://www.snapdeal.com/product/the-shopoholic-black-silicon-digital/647992181652,1,0.136,0.199,2,5.1
Snapdeal,wearables,OLIVEOPS Combo Orange Smart Watch,632.0,3999.0,84.0,3.6,222,44,,Third-party,Free Delivery,3.0,1,0,Great Offer,1,Limited Period Offer,1,0,,7 days return,1,https://www.snapdeal.com/product/oliveops-combo-orange-smart-watch/665536195563,2,0.235,0.198,5,3.94
Snapdeal,wearables,COREGENIX ULTRA Premium METAL Silver Smart Watch,820.0,4999.0,84.0,3.8,194,38,,Third-party,Free Delivery,3.0,1,0,Great Offer,1,Limited Period Offer,1,0,,7 days return,1,https://www.snapdeal.com/product/coregenix-ultra-metal-silver-smart/620376679471,2,0.202,0.196,5,4.02
Snapdeal,wearables,The Shopoholic Black Silicon Digital Men's Watch,276.0,999.0,72.0,1.0,85,17,,Third-party,Free Delivery,3.0,1,0,Great Offer,1,Limited Period Offer,1,0,,7 days return,1,https://www.snapdeal.com/product/the-shopoholic-black-silicon-digital/643943676648,2,0.576,0.2,5,2.791
Snapdeal,wearables,DECLASSE Green Silicon Digital Men's Watch,213.0,499.0,57.0,5.0,109,21,,Third-party,Free Delivery,3.0,1,0,,0,,0,0,,7 days return,1,https://www.snapdeal.com/product/declasse-1-resin-digital-mens/626618835616,0,0.0,0.193,0,5.44
Snapdeal,wearables,COREGENIX Watch-8 Large Display Black Smart Watch,702.0,2999.0,77.0,4.0,82,16,,Third-party,Free Delivery,3.0,1,0,Great Offer,1,Limited Period Offer,1,0,,7 days return,1,https://www.snapdeal.com/product/coregenix-watch8-large-display-black/652032692636,2,0.154,0.195,5,3.984
Snapdeal,wearables,"VERONIC Ultra Watch with HD Display, Calling Black Smart Watch",660.0,3999.0,83.0,3.7,147,29,,Third-party,Free Delivery,3.0,1,0,Great Offer,1,Limited Period Offer,1,0,,7 days return,1,https://www.snapdeal.com/product/veronic-ultra-watch-with-hd/649256436843,2,0.216,0.197,5,3.979
Snapdeal,wearables,Aglance - Black Silicon Analog Men's Watch,348.0,1499.0,77.0,3.6,190,38,,Third-party,Free Delivery,3.0,1,0,Great Offer,1,Limited Period Offer,1,0,,7 days return,1,https://www.snapdeal.com/product/aglance-black-silicon-analog-mens/650863251543,2,0.216,0.2,5,3.94
Snapdeal,wearables,OLIVEOPS T-800 BL Black Smart Watch,464.0,2499.0,81.0,4.0,106,21,,Third-party,Free Delivery,3.0,1,0,Great Offer,1,Limited Period Offer,1,0,,7 days return,1,https://www.snapdeal.com/product/oliveops-t800-bl-black-smart/640836102216,2,0.162,0.198,5,4.035
Snapdeal,wearables,Cosmic - Multicolor Silicon Digital Men's Watch,429.0,899.0,52.0,5.0,173,34,,Third-party,Free Delivery,3.0,1,0,,0,,0,0,,7 days return,1,https://www.snapdeal.com/product/cosmic-multicolor-silicon-digital-mens/628952372969,0,0.0,0.197,0,5.5
Snapdeal,wearables,"VEhop Ultra Watch with BT Calling, HD Display Black Smart Watch",623.0,4999.0,88.0,4.0,37,7,,Third-party,Free Delivery,3.0,1,0,Great Offer,1,Limited Period Offer,1,0,,7 days return,1,https://www.snapdeal.com/product/vehop-ultra-watch-with-bt/656634934527,2,0.176,0.189,5,3.828
Snapdeal,wearables,Aglance - Red Silicon Analog Men's Watch,311.0,1499.0,79.0,4.0,50,10,,Third-party,Free Delivery,3.0,1,0,Great Offer,1,Limited Period Offer,1,0,,7 days return,1,https://www.snapdeal.com/product/aglance-red-silicon-analog-mens/680403229467,2,0.158,0.2,5,3.886
Snapdeal,wearables,HMXT Silver Stainless Steel Analog Men's Watch,315.0,999.0,68.0,4.2,235,47,,Third-party,Free Delivery,3.0,1,0,Great Offer,1,,0,0,,7 days return,1,https://www.snapdeal.com/product/hmxt-silver-stainless-steel-analog/657944400288,1,0.109,0.2,2,5.18
Snapdeal,wearables,OLIVE OPS - BT Calling Smart Watch with Strap Upto 4 hours Backup ( BLACK ),424.0,1499.0,72.0,3.8,211,42,,Third-party,Free Delivery,3.0,1,0,Great Offer,1,Limited Period Offer,1,0,,7 days return,1,https://www.snapdeal.com/product/olive-ops-bt-calling-smart/619784771064,2,0.173,0.199,5,4.02
Snapdeal,wearables,Aglance - Red Silicon Analog Men's Watch,213.0,999.0,79.0,4.0,169,33,,Third-party,Free Delivery,3.0,1,0,Great Offer,1,Limited Period Offer,1,0,,7 days return,1,https://www.snapdeal.com/product/aglance-red-silicon-analog-mens/628956264991,2,0.158,0.195,5,4.1
Snapdeal,wearables,newmen - Light Grey PU Analog Men's Watch,202.0,899.0,78.0,5.0,112,22,,Third-party,Free Delivery,3.0,1,0,Great Offer,1,Limited Period Offer,1,0,,7 days return,1,https://www.snapdeal.com/product/newmen-light-grey-pu-analog/663988377173,2,0.0,0.196,5,4.445
Snapdeal,wearables,GMPex Ultra Smartwatch with 7 Straps Calling Bluetooth Fitness,636.0,1399.0,55.0,4.0,228,45,,Third-party,Free Delivery,3.0,1,0,,0,,0,0,,7 days return,1,https://www.snapdeal.com/product/gmpex-ultra-smartwatch-with-7/651731919427,0,0.11,0.197,0,5.1
Snapdeal,wearables,Viser Black Silicon Digital Men's Watch,221.0,999.0,78.0,4.3,238,47,,Third-party,Free Delivery,3.0,1,0,Great Offer,1,Limited Period Offer,1,0,,7 days return,1,https://www.snapdeal.com/product/viser-black-silicon-digital-mens/680971952030,2,0.109,0.197,5,4.22
Snapdeal,wearables,Premium Gold Bluetooth Calling Touchscreen Wireless Charging with Fitness Health Sports Music,539.0,1999.0,73.0,3.7,137,27,,Third-party,Free Delivery,3.0,1,0,Great Offer,1,Limited Period Offer,1,0,,7 days return,1,https://www.snapdeal.com/product/premium-gold-bluetooth-calling-touchscreen/671905092115,2,0.19,0.197,5,3.965
Snapdeal,wearables,newmen - Silver Stainless Steel Analog Men's Watch,220.0,799.0,72.0,4.3,110,22,,Third-party,Free Delivery,3.0,1,0,Great Offer,1,Limited Period Offer,1,0,,7 days return,1,https://www.snapdeal.com/product/newmen-2033-stainless-steel-analog/634365910066,2,0.101,0.2,5,4.162
Snapdeal,wearables,"SKYRISE Ultra Max Golden Edition Smartwatch | Heart Rate | Steps | Wireless Charging Smartwatch (Golden Strap, 2.09 Inch Big Sunlight Proof Display)",570.0,4999.0,89.0,3.8,165,33,,Third-party,Free Delivery,3.0,1,0,Great Offer,1,Limited Period Offer,1,0,,7 days return,1,https://www.snapdeal.com/product/skyrise-ultra-max-golden-edition/682725321426,2,0.214,0.2,5,4.02
Snapdeal,wearables,"T 800 Ultra Smart Watch 1.99 Inches HD Display,Metal Body,Water Resistance,Bluetooth Calling,Wireless Charging with Activity Tracker,WiFi,GPS,Email,Compatible with All Android (Black Colour)",409.0,1299.0,69.0,3.5,66,13,,Third-party,Free Delivery,3.0,1,0,Great Offer,1,,0,0,,7 days return,1,https://www.snapdeal.com/product/t-800-ultra-smart-watch/675881390985,1,0.207,0.197,2,4.741
Snapdeal,wearables,"4-Tube Yoga Pedal Pull Reducer Puller Resistance Band, Crossfit Exercise Fitness",205.0,999.0,79.0,3.9,179,35,,Third-party,Free Delivery,3.0,1,0,Great Offer,1,Limited Period Offer,1,0,,7 days return,1,https://www.snapdeal.com/product/4tube-yoga-pedal-pull-reducer/675097234524,2,0.174,0.196,5,4.06
Snapdeal,wearables,"Resistance Bands Resistance Tube for Stretching, Exercise and Workout Toning Tube Resistance Rope Set 11 Stackable Kit, Pack of 1",314.0,1099.0,71.0,3.6,83,16,,Third-party,Free Delivery,3.0,1,0,Great Offer,1,Limited Period Offer,1,0,,7 days return,1,https://www.snapdeal.com/product/resistance-bands-resistance-tube-for/622239572056,2,0.199,0.193,5,3.826
Snapdeal,wearables,Gym Power Resistance Band Set for Workout 112x02x02 CM  11 Pieces (RB-11),252.0,999.0,75.0,4.0,240,48,,Third-party,Free Delivery,3.0,1,0,Great Offer,1,Limited Period Offer,1,0,,7 days return,1,https://www.snapdeal.com/product/gym-power-resistance-band-set/672217336250,2,0.15,0.2,5,4.1
Snapdeal,wearables,"VARKAUS 11 Pcs Portable Fitness Exercise Bands with Handles, Training Tubes with Anchor and Ankle Straps for Resistance Training, Home",244.0,999.0,76.0,3.9,203,40,,Third-party,Free Delivery,3.0,1,0,Great Offer,1,Limited Period Offer,1,0,,7 days return,1,https://www.snapdeal.com/product/varkaus-11-pcs-portable-fitness/648853066288,2,0.167,0.197,5,4.06
Snapdeal,wearables,"Resistance Hip Loop Bands for Legs, Butt, Thighs & Glutes Exercises, Anti-Slip Fabric Workout Bands for Men/Women, Pack of 1",200.0,599.0,67.0,5.0,160,32,,Third-party,Free Delivery,3.0,1,0,Great Offer,1,,0,0,,7 days return,1,https://www.snapdeal.com/product/resistance-hip-loop-bands-for/662574961079,1,0.0,0.2,2,5.5
Snapdeal,wearables,"Premium Double Toning Resistance Tube Pull Rope Elastic Rubber Exercise Band for Stretching, Workout, Home Gym and Toning with Heavy Quality D Shaped Handles (Black), Pack of 1",175.0,599.0,71.0,4.4,102,20,,Third-party,Free Delivery,3.0,1,0,Great Offer,1,Limited Period Offer,1,0,,7 days return,1,https://www.snapdeal.com/product/premium-double-toning-resistance-tube/629362513499,2,0.085,0.196,5,4.187
Snapdeal,wearables,Wrist Support with Thumb Loop Strap Wrist Support Gym Men Training Wrist Band/Wrist Band for Men Gym/Wrist Supporter for Gym,167.0,799.0,79.0,5.0,235,47,,Third-party,Free Delivery,3.0,1,0,Great Offer,1,Limited Period Offer,1,0,,7 days return,1,https://www.snapdeal.com/product/wrist-support-with-thumb-loop/675214868198,2,0.0,0.2,5,4.5
Snapdeal,wearables,"Thera band Yellow Thin/Light Resistance Latex Free Exercise Band 6 Feet(Length) x 4 Inches(Width), Pack of 1 Green",189.0,699.0,73.0,3.8,141,28,,Third-party,Free Delivery,3.0,1,0,Great Offer,1,Limited Period Offer,1,0,,7 days return,1,https://www.snapdeal.com/product/thera-band-yellow-thinlight-resistance/660218883971,2,0.175,0.199,5,4.011
Snapdeal,wearables,Thera Band,230.0,999.0,77.0,3.8,160,32,,Third-party,Free Delivery,3.0,1,0,Great Offer,1,Limited Period Offer,1,0,,7 days return,1,https://www.snapdeal.com/product/thera-band/678738933739,2,0.185,0.2,5,4.02
Snapdeal,wearables,"Double Toning Resistance Tube Heavy Quality Exercise Band for Stretching, Full Body Workout, Home Gym and Toning with Bag for Men and Women, Pack of 1",175.0,599.0,71.0,4.4,239,47,,Third-party,Free Delivery,3.0,1,0,Great Offer,1,Limited Period Offer,1,0,,7 days return,1,https://www.snapdeal.com/product/double-toning-resistance-tube-heavy/631538508512,2,0.085,0.197,5,4.26
Snapdeal,wearables,"Wrist Band for Men & Women, Wrist Supporter for Gym Wrist Wrap, Straps Gym Accessories for Men for Hand Grip & Wrist Support While Workout & muscle relaxation, Pack of 1",167.0,799.0,79.0,4.1,222,44,,Third-party,Free Delivery,3.0,1,0,Great Offer,1,Limited Period Offer,1,0,,7 days return,1,https://www.snapdeal.com/product/wrist-band-for-men-women/647113454630,2,0.142,0.198,5,4.14
Snapdeal,wearables,"Resistance Bands 11 pcs Set, Stretching and Exercise, Toning Tube kit with Door Anchor, Foam Handles, Leg Ankle Strap",307.0,1499.0,80.0,3.7,205,41,,Third-party,Free Delivery,3.0,1,0,Great Offer,1,Limited Period Offer,1,0,,7 days return,1,https://www.snapdeal.com/product/resistance-bands-11-pcs-set/685119406823,2,0.208,0.2,5,3.98
Snapdeal,wearables,"Double Toning Tube Exercise Resistance Toning Tube Bands with Handle Workout Band Physical Therapy Strength Training Resistance Pilates Tube Band Equipment Workout (Black), Pack of 1",175.0,599.0,71.0,4.6,143,28,,Third-party,Free Delivery,3.0,1,0,Great Offer,1,Limited Period Offer,1,0,,7 days return,1,https://www.snapdeal.com/product/double-toning-tube-exercise-resistance/627008309096,2,0.057,0.196,5,4.334
Snapdeal,wearables,11Pc Resistance BandElastic Rubber Rope Sport Expander Bodybuilding Exercise Set,252.0,999.0,75.0,5.0,126,25,,Third-party,Free Delivery,3.0,1,0,Great Offer,1,Limited Period Offer,1,0,,7 days return,1,https://www.snapdeal.com/product/11pc-resistance-bandelastic-rubber-rope/677684810870,2,0.0,0.198,5,4.469
Snapdeal,wearables,"Double Toning Resistance Tube Pull Rope Elastic Rubber Exercise Band for Stretching, Workout, Home Gym and Toning with D Shaped Handles (Grey), Pack of 1",175.0,499.0,65.0,4.3,197,39,,Third-party,Free Delivery,3.0,1,0,Great Offer,1,,0,0,,7 days return,1,https://www.snapdeal.com/product/double-toning-resistance-tube-pull/668454142190,1,0.091,0.198,2,5.22
Snapdeal,wearables,"Resistance Band 4-Rubber Tube Yoga Pedal Puller Elastic Pull Rope, Tension Rope",244.0,999.0,76.0,4.9,123,24,,Third-party,Free Delivery,3.0,1,0,Great Offer,1,Limited Period Offer,1,0,,7 days return,1,https://www.snapdeal.com/product/resistance-band-4rubber-tube-yoga/682524842247,2,0.015,0.195,5,4.424
Snapdeal,wearables,"Double Toning Resistance Tube | Heavy Quality Exercise Band for Stretching, Full Body Workout Band, Home & Gym Toning Tube for Men and Women, Pack of 1",175.0,499.0,65.0,4.6,70,14,,Third-party,Free Delivery,3.0,1,0,Great Offer,1,,0,0,,7 days return,1,https://www.snapdeal.com/product/double-toning-resistance-tube-heavy/637551446134,1,0.052,0.2,2,5.193
Snapdeal,wearables,"Thera Band Resistance Bands for Workout for Men and Women Resistance Band Set & Exercise Band for Home Gym Fitness Pull Up Band & Toning Band 100% Natural, (Red) Pack of 1",231.0,799.0,71.0,4.1,35,7,,Third-party,Free Delivery,3.0,1,0,Great Offer,1,Limited Period Offer,1,0,,7 days return,1,https://www.snapdeal.com/product/thera-band-resistance-bands-for/661306980596,2,0.128,0.2,5,3.857
Snapdeal,wearables,"Double Toning Resistance Tube Pull Rope Elastic Rubber Exercise Band for Stretching, Workout, Home Gym and Toning with Heavy Quality D Shaped Handles, Pack of 1",175.0,599.0,71.0,4.4,194,38,,Third-party,Free Delivery,3.0,1,0,Great Offer,1,Limited Period Offer,1,0,,7 days return,1,https://www.snapdeal.com/product/double-toning-resistance-tube-pull/622524460332,2,0.085,0.196,5,4.26
Snapdeal,wearables,Pull Reducer Training Bands-4Tubes Body Pedal Exerciser Yoga,283.0,999.0,72.0,3.8,165,33,,Third-party,Free Delivery,3.0,1,0,Great Offer,1,Limited Period Offer,1,0,,7 days return,1,https://www.snapdeal.com/product/pull-reducer-training-bands4tubes-body/655665804288,2,0.173,0.2,5,4.02
Snapdeal,wearables,"Double Toning Tube Resistance Band for Workout for Men & Women, Exercise Bands with Heavy Quality Grip (Pack of 1)",175.0,599.0,71.0,5.0,74,14,,Third-party,Free Delivery,3.0,1,0,Great Offer,1,Limited Period Offer,1,0,,7 days return,1,https://www.snapdeal.com/product/double-toning-tube-resistance-band/619957062969,2,0.0,0.189,5,4.363
Snapdeal,wearables,"Resistance Bands 11 pcs Set, Stretching and Exercise, Toning Tube kit with Door Anchor, Foam Handles, Leg Ankle Strap and Carry Bag and Box Packaging for Men and Women Workout at Home and Gym",307.0,1299.0,76.0,4.1,196,39,,Third-party,Free Delivery,3.0,1,0,Great Offer,1,Limited Period Offer,1,0,,7 days return,1,https://www.snapdeal.com/product/resistance-bands-11-pcs-set/670139708917,2,0.137,0.199,5,4.14
Snapdeal,wearables,ProTone Triple Tube Resistance Band with Ergonomic EVA Foam Handles,361.0,999.0,64.0,4.0,157,31,,Third-party,Free Delivery,3.0,1,0,,0,,0,0,,7 days return,1,https://www.snapdeal.com/product/protone-triple-tube-resistance-band/618527531271,0,0.128,0.197,2,5.1
Snapdeal,wearables,"Home Gym Resistance Bands   11 PCS Set for Workout - Exercise - Stretching - Toning Tube Kit with Foam Handles, Door Anchor & Ankle Strap for Men & Women, Pack of 1",314.0,1099.0,71.0,4.0,106,21,,Third-party,Free Delivery,3.0,1,0,Great Offer,1,Limited Period Offer,1,0,,7 days return,1,https://www.snapdeal.com/product/home-gym-resistance-bands-11/670839744851,2,0.142,0.198,5,4.035
Snapdeal,wearables,"Pull Reducer Training Bands 4 Tubes Body Trimmer Pedal Exerciser Yoga Crossfit Exercise, Arm Exercise, Tummy Body Building Training Women and MensR (Multi)",280.0,599.0,53.0,3.9,146,29,,Third-party,Free Delivery,3.0,1,0,,0,,0,0,,7 days return,1,https://www.snapdeal.com/product/pull-reducer-training-bands-4/663256361874,0,0.117,0.199,0,5.058
